Durchschnittliches steuerbares Einkommen* pro Steuerpflichtigem/-r, 2015;;;22565
;;;
;;Steuerbares Einkommen, in Mio. Franken;Steuerbares Einkommen pro Steuerpflichtigem/-r, in Franken
Regions-ID;Regionsname;;
;;;
;Schweiz;278178.3218;76593.4572
1;Aeugst am Albis;94.4072;105013.5706
2;Affoltern am Albis;372.8508;71059.8056
3;Bonstetten;210.9365;88927.6981
4;Hausen am Albis;132.7301;86300.4551
5;Hedingen;149.9293;90811.2053
6;Kappel am Albis;41.5285;87984.1102
7;Knonau;75.5387;79514.4211
8;Maschwanden;21.4724;75078.3217
9;Mettmenstetten;181.7355;86996.4098
10;Obfelden;158.0976;75105.7482
11;Ottenbach;98.3209;81526.4511
12;Rifferswil;37.1270;88397.6190
13;Stallikon;153.2315;97786.5348
14;Wettswil am Albis;259.9480;117836.8087
21;Adlikon;18.7465;68920.9559
22;Benken (ZH);29.8952;78465.0919
23;Berg am Irchel;22.3129;76676.6323
24;Buch am Irchel;32.3238;81625.7576
25;Dachsen;70.2915;80058.6560
26;Dorf;22.3983;82346.6912
27;Feuerthalen;117.1810;71714.1983
28;Flaach;43.1587;74928.2986
29;Flurlingen;60.9281;87040.1429
30;Andelfingen;81.6630;83329.5918
31;Henggart;78.1223;78911.4141
32;Humlikon;16.3561;81373.6318
33;Kleinandelfingen;67.3493;73847.9167
34;Laufen-Uhwiesen;70.8823;93635.7992
35;Marthalen;66.9721;73757.8194
36;Oberstammheim;35.5178;69100.7782
37;Ossingen;40.5355;69648.6254
38;Rheinau;41.8993;69832.1667
39;Thalheim an der Thur;29.8191;75491.3924
40;Tr llikon;33.8619;71893.6306
41;Truttikon;12.5846;68768.3060
42;Unterstammheim;29.3256;82375.2809
43;Volken;11.9609;86049.6403
44;Waltalingen;21.6597;71015.4098
51;Bachenb lach;142.5802;78556.5840
52;Bassersdorf;414.7227;79662.4472
53;B lach;649.4740;74755.2947
54;Dietlikon;282.4578;79948.4291
55;Eglisau;181.5074;86144.9454
56;Embrach;278.6506;72565.2604
57;Freienstein-Teufen;79.2936;75734.0974
58;Glattfelden;155.5925;72133.7506
59;Hochfelden;68.4619;79792.4242
60;H ri;71.5710;66330.8619
61;H ntwangen;37.3152;84043.2432
62;Kloten;597.1628;70964.0879
63;Lufingen;80.5934;93495.8237
64;N rensdorf;259.5831;99039.7177
65;Oberembrach;41.7407;79657.8244
66;Opfikon;538.6435;71457.0841
67;Rafz;139.0578;76955.0636
68;Rorbas;72.4485;67331.3197
69;Wallisellen;636.6668;85596.5044
70;Wasterkingen;19.2967;72543.9850
71;Wil (ZH);54.3784;91546.1279
72;Winkel;233.7771;110220.2263
81;Bachs;18.8674;73414.0078
82;Boppelsen;65.7122;112713.8937
83;Buchs (ZH);210.9620;76713.4545
84;D llikon;126.3514;74106.3930
85;D nikon;65.9901;85590.2724
86;Dielsdorf;200.1121;75514.0000
87;H ttikon;31.0831;87312.0787
88;Neerach;181.3956;111422.3587
89;Niederglatt;152.0237;71810.9117
90;Niederhasli;282.0666;71809.2159
91;Niederweningen;100.9910;82240.2280
92;Oberglatt;176.6895;64532.3229
93;Oberweningen;68.7972;85145.0495
94;Otelfingen;101.0366;81349.9195
95;Regensberg;21.0606;90388.8412
96;Regensdorf;545.4037;72286.7727
97;R mlang;254.6563;76016.8060
98;Schleinikon;25.1711;72959.7101
99;Sch fflisdorf;54.6657;82080.6306
100;Stadel;74.0686;73920.7585
101;Steinmaur;117.4094;76289.4087
102;Weiach;40.7936;71193.0192
111;B retswil;162.6580;73634.2236
112;Bubikon;250.6213;79385.9043
113;D rnten;222.2134;71290.7924
114;Fischenthal;56.8032;61276.3754
115;Gossau (ZH);347.6178;79184.0091
116;Gr ningen;123.6440;80654.9250
117;Hinwil;361.2839;72055.0259
118;R ti (ZH);343.0200;65362.0427
119;Seegr ben;48.7721;80349.4234
120;Wald (ZH);251.7222;62000.5419
121;Wetzikon (ZH);745.0136;68356.1428
131;Adliswil;729.2713;86141.1883
132;Hirzel;80.3522;85572.0980
133;Horgen;894.1593;95560.4681
134;H tten;27.7210;70357.8680
135;Kilchberg (ZH);672.5275;166467.2030
136;Langnau am Albis;304.9997;92705.0760
137;Oberrieden;289.7147;113702.7865
138;Richterswil;525.5020;87950.1255
139;R schlikon;462.8442;162801.3366
140;Sch nenberg (ZH);76.7075;84666.1148
141;Thalwil;933.3312;106812.9091
142;W denswil;859.2952;85306.7805
151;Erlenbach (ZH);478.1938;185490.2250
152;Herrliberg;507.6948;174166.3122
153;Hombrechtikon;295.6773;79504.5173
154;K snacht (ZH);1207.6103;174434.5371
155;M nnedorf;500.3771;100477.3293
156;Meilen;844.6632;130712.3491
157;Oetwil am See;136.4085;68443.8033
158;St fa;664.1358;99050.8277
159;Uetikon am See;332.8987;118977.3767
160;Zumikon;454.7580;184411.1922
161;Zollikon;1038.7908;164756.6693
172;Fehraltorf;230.5748;79045.1834
173;Hittnau;129.2716;77454.5237
174;Illnau-Effretikon;525.1359;72282.9869
175;Kyburg;15.7845;80946.1538
176;Lindau;195.0680;83576.6924
177;Pf ffikon;402.9282;76953.4377
178;Russikon;162.7235;86142.6681
180;Weisslingen;121.9671;84173.2919
181;Wila;57.2781;63151.1577
182;Wildberg;32.7902;72544.6903
191;D bendorf;966.0600;77732.5394
192;Egg;363.6064;95135.1125
193;F llanden;347.5059;90567.0837
194;Greifensee;198.1697;85454.8081
195;Maur;510.9856;113099.9557
196;M nchaltorf;125.7625;78699.9374
197;Schwerzenbach;186.1420;77981.5668
198;Uster;1236.6256;78620.7388
199;Volketswil;656.0476;80595.5283
200;Wangen-Br ttisellen;283.4102;83725.3176
211;Altikon;22.1126;71101.6077
213;Br tten;94.3536;98593.1034
214;D gerlen;31.9663;77400.2421
215;D ttlikon;29.9394;92979.5031
216;Dinhard;52.7963;81981.8323
217;Elgg;130.0158;72311.3459
218;Ellikon an der Thur;29.6984;77339.5833
219;Elsau;114.9867;77017.2137
220;Hagenbuch;34.0301;66725.6863
221;Hettlingen;130.5171;101569.7276
222;Hofstetten (ZH);13.7133;67887.6238
223;Neftenbach;209.0510;84738.9542
224;Pfungen;106.5292;69490.6719
225;Rickenbach (ZH);83.0080;77073.3519
226;Schlatt (ZH);20.2137;73772.6277
227;Seuzach;307.1134;85570.7439
228;Turbenthal;113.4375;63302.1763
230;Winterthur;3437.8643;70118.9969
231;Zell (ZH);158.9908;65617.3339
241;Aesch (ZH);62.9681;110664.4991
242;Birmensdorf (ZH);252.5329;86277.0413
243;Dietikon;693.4432;64662.7378
244;Geroldswil;179.4625;82322.2477
245;Oberengstringen;235.2307;77916.7605
246;Oetwil an der Limmat;109.4074;90121.4168
247;Schlieren;487.8241;64322.7980
248;Uitikon;327.8891;169102.1661
249;Unterengstringen;168.6428;94161.2507
250;Urdorf;340.9978;76047.6806
251;Weiningen (ZH);158.5658;80124.2041
261;Z rich;16160.6050;82932.7377
297;Bauma;131.0235;65380.9880
298;Wiesendangen;223.6806;82569.4352
301;Aarberg;137.8497;64687.7992
302;Bargen (BE);25.9906;60303.0162
303;Grossaffoltern;84.3487;65641.0117
304;Kallnach;52.9694;62759.9526
305;Kappelen;40.6577;69145.7483
306;Lyss;419.1092;65393.8524
307;Meikirch;83.2781;74355.4464
309;Radelfingen;37.1754;62690.3879
310;Rapperswil (BE);72.9515;71102.8265
311;Sch pfen;116.7859;69063.2170
312;Seedorf (BE);88.9401;67276.9289
321;Aarwangen;119.7216;65314.5663
322;Auswil;9.1871;51324.5810
323;Bannwil;17.8291;59829.1946
324;Bleienbach;18.3140;58698.7179
325;Busswil bei Melchnau;5.2553;62563.0952
326;Gondiswil;14.0919;50873.2852
329;Langenthal;442.4767;65108.4020
331;Lotzwil;60.4304;61726.6599
332;Madiswil;81.0717;59611.5441
333;Melchnau;35.7860;59150.4132
334;Obersteckholz;9.5357;58862.3457
335;Oeschenbach;4.9598;56361.3636
336;Reisiswil;3.8200;61612.9032
337;Roggwil (BE);90.9132;58996.2362
338;Rohrbach;30.5861;51928.8625
339;Rohrbachgraben;6.5851;49887.1212
340;R tschelen;12.8238;56742.4779
341;Schwarzh usern;12.9553;61399.5261
342;Thunstetten;83.9916;61218.3673
344;Ursenbach;18.3512;52432.0000
345;Wynau;39.7900;58514.7059
351;Bern;4549.7603;71423.6872
352;Bolligen;249.3911;89355.4640
353;Bremgarten bei Bern;183.2508;92926.3692
354;Kirchlindach;116.5596;86212.7219
355;K niz;1347.8643;74682.1975
356;Muri bei Bern;656.1008;107804.9293
357;Oberbalm;21.9765;59076.6129
358;Stettlen;113.9503;80988.1308
359;Vechigen;177.9204;76426.2887
360;Wohlen bei Bern;353.3508;87139.5314
361;Zollikofen;329.6679;72678.1085
362;Ittigen;391.8935;75567.5858
363;Ostermundigen;455.8928;63012.1355
371;Biel/Bienne;1308.4067;60104.1251
372;Evilard;109.7391;100309.9634
381;Arch;39.3907;60046.7988
382;B etigen;22.8645;66082.3699
383;B ren an der Aare;96.6742;66306.0357
385;Diessbach bei B ren;24.4275;63779.3734
386;Dotzigen;35.7512;61960.4853
387;Lengnau (BE);128.1604;61883.3414
388;Leuzigen;31.8904;59386.2197
389;Meienried;1.6839;67356.0000
390;Meinisberg;35.0906;63569.9275
391;Oberwil bei B ren;20.5615;60653.3923
392;Pieterlen;97.2864;61147.9573
393;R ti bei B ren;21.8018;55759.0793
394;Wengi;16.4116;64107.8125
401;Aefligen;29.5463;60421.8814
402;Alchenstorf;15.0342;59659.5238
403;B riswil;36.8402;77721.9409
404;Burgdorf;454.4268;63743.4142
405;Ersigen;47.0512;66176.0900
406;Hasle bei Burgdorf;74.6921;56033.0833
407;Heimiswil;35.7468;58697.5369
408;Hellsau;4.3714;59072.9730
409;Hindelbank;73.6555;66476.0830
410;H chstetten;6.4021;58200.9091
411;Kernenried;13.1915;59961.3636
412;Kirchberg (BE);177.1322;67762.8921
413;Koppigen;56.9894;63533.3333
414;Krauchthal;67.0634;65173.3722
415;Lyssach;43.3952;65452.7903
416;M tschwil;3.4125;63194.4444
417;Nieder sch;5.1486;59867.4419
418;Oberburg;65.2861;56770.5217
419;Ober sch;2.4944;62360.0000
420;R dtligen-Alchenfl h;59.7152;56763.4981
421;Rumendingen;1.6510;51593.7500
422;R ti bei Lyssach;4.1654;57852.7778
423;Willadingen;5.3657;63125.8824
424;Wynigen;44.5194;55788.7218
431;Corg mont;40.7234;62268.1957
432;Cormoret;12.3942;66279.1444
433;Cort bert;16.4973;62253.9623
434;Courtelary;32.5998;63055.7060
435;La Ferri re;13.7940;61856.5022
437;Mont-Tramelan;2.4430;59585.3659
438;Orvin;33.3383;65241.2916
441;Renan (BE);20.3554;55464.3052
442;Romont (BE);6.2306;62935.3535
443;Saint-Imier;121.2663;59444.2647
444;Sonceboz-Sombeval;45.0148;61411.7326
445;Sonvilier;25.9917;54950.7400
446;Tramelan;104.9556;59163.2469
448;Villeret;23.8456;65690.3581
449;Sauge;22.3608;63345.0425
450;P ry-La Heutte;48.2512;60769.7733
491;Br ttelen;15.5751;63832.3770
492;Erlach;45.8953;70176.2997
493;Finsterhennen;11.4093;63385.0000
494;Gals;24.6211;71991.5205
495;Gampelen;24.5149;68669.1877
496;Ins;98.6676;72390.0220
497;L scherz;18.7093;69551.3011
498;M ntschemier;33.1323;64334.5631
499;Siselen;15.0197;62322.4066
500;Treiten;12.2642;67385.7143
501;Tschugg;12.1261;66626.9231
502;Vinelz;26.4996;70104.7619
532;Bangerten;4.5876;61168.0000
533;B tterkinden;93.4790;67542.6301
535;Deisswil bei M nchenbuchsee;3.1808;70684.4444
536;Diemerswil;6.2371;83161.3333
538;Fraubrunnen;144.7892;70047.9923
540;Jegenstorf;179.8224;74031.4533
541;Iffwil;11.4988;68445.2381
543;Mattstetten;19.4758;74906.9231
544;Moosseedorf;114.7020;66609.7561
546;M nchenbuchsee;306.9537;71367.9842
551;Urtenen-Sch nb hl;177.4021;64958.6598
552;Utzenstorf;118.5607;65000.3838
553;Wiggiswil;2.9042;67539.5349
554;Wiler bei Utzenstorf;23.0488;59251.4139
556;Zielebach;9.9393;63713.4615
557;Zuzwil (BE);19.6028;76573.4375
561;Adelboden;69.4781;54195.0858
562;Aeschi bei Spiez;53.4467;59385.2222
563;Frutigen;150.2267;56433.7716
564;Kandergrund;15.0991;48550.1608
565;Kandersteg;32.9123;60611.9705
566;Krattigen;30.8184;63023.3129
567;Reichenbach im Kandertal;77.5646;53976.7571
571;Beatenberg;24.7476;53450.5400
572;B nigen;64.5520;58524.0254
573;Brienz (BE);74.1688;56359.2705
574;Brienzwiler;11.9314;55237.9630
575;D rligen;10.5224;57186.9565
576;Grindelwald;97.8090;60375.9259
577;Gsteigwiler;10.3668;56341.3043
578;G ndlischwand;7.1624;50797.1631
579;Habkern;9.7141;44972.6852
580;Hofstetten bei Brienz;11.7343;51018.6957
581;Interlaken;151.0846;60361.4063
582;Iseltwald;9.0706;52736.0465
584;Lauterbrunnen;58.2974;57210.4024
585;Leissigen;26.7934;62310.2326
586;L tschental;4.3940;47247.3118
587;Matten bei Interlaken;99.0555;56570.8167
588;Niederried bei Interlaken;8.9692;57128.6624
589;Oberried am Brienzersee;11.0805;52514.2180
590;Ringgenberg (BE);66.4902;58788.8594
591;Saxeten;1.5058;45630.3030
592;Schwanden bei Brienz;15.2764;56370.4797
593;Unterseen;172.5416;65755.1829
594;Wilderswil;63.4586;57742.1292
602;Arni (BE);20.6239;54416.6227
603;Biglen;45.5255;61437.9217
605;Bowil;26.6550;50965.5832
606;Brenzikofen;13.6760;58948.2759
607;Freimettigen;11.5282;65501.1364
608;Grossh chstetten;101.0244;66903.5762
609;H utligen;6.5713;64424.5098
610;Herbligen;14.3370;64581.0811
611;Kiesen;27.2192;68735.3535
612;Konolfingen;152.2429;65424.5380
613;Landiswil;11.1178;51952.3364
614;Linden;25.4676;58012.7563
615;Mirchel;15.3677;61966.5323
616;M nsingen;374.3507;72408.2592
617;Niederh nigen;15.3202;61280.8000
619;Oberdiessbach;95.7434;65938.9807
620;Oberthal;14.6267;51321.7544
622;Oppligen;17.5323;65910.9023
623;Rubigen;97.5980;72134.5159
624;Schlosswil;16.4295;62948.2759
625;T gertschi;10.8418;66924.6914
626;Walkringen;39.6825;54885.8921
627;Worb;342.2562;70801.8618
628;Z ziwil;37.8128;57906.2787
629;Oberh nigen;5.8199;53393.5780
630;Allmendingen;26.7393;106531.0757
632;Wichtrach;123.4845;69101.5669
661;Clavaleyres;0.7352;43247.0588
662;Ferenbalm;33.3469;64252.2158
663;Frauenkappelen;43.3869;75063.8408
664;Golaten;9.5390;67176.0563
665;Gurbr ;5.4963;58471.2766
666;Kriechenwil;10.8987;58281.8182
667;Laupen;90.9427;65052.0029
668;M hleberg;91.6531;69329.1225
669;M nchenwiler;12.5537;66421.6931
670;Neuenegg;148.4835;65671.6055
671;Wileroltigen;9.0548;61181.0811
681;Belprahon;9.3177;67033.8129
683;Champoz;3.8076;65648.2759
687;Corcelles (BE);5.0296;56512.3596
690;Court;34.6440;61316.8142
691;Cr mines;12.6084;59755.4502
692;Eschert;10.1721;61649.0909
694;Grandval;9.2840;57308.6420
696;Loveresse;8.1496;61739.3939
700;Moutier;178.1480;58543.5426
701;Perrefitte;10.8269;60485.4749
703;Reconvilier;51.4090;56742.8256
704;Roches (BE);4.9173;52311.7021
706;Saicourt;13.1457;57155.2174
707;Saules (BE);3.1027;53494.8276
708;Schelten;0.4396;48844.4444
709;Seehof;1.0616;36606.8966
711;Sorvilier;7.2617;56292.2481
713;Tavannes;80.2920;57433.4764
715;Reb velier;0.5454;45450.0000
716;Petit-Val;7.2176;53070.5882
717;Valbirse;93.2734;58223.0961
723;La Neuveville;123.8338;73842.4568
724;Nods;22.0012;66069.6697
726;Plateau de Diesse;80.5105;93291.4253
731;Aegerten;49.1197;61708.1658
732;Bellmund;63.2257;90841.5230
733;Br gg;107.9644;61729.2167
734;B hl;14.3176;66593.4884
735;Epsach;8.1003;59561.0294
736;Hagneck;11.6935;63551.6304
737;Hermrigen;8.7784;61387.4126
738;Jens;21.4411;72681.6949
739;Ipsach;133.1325;73921.4325
740;Ligerz;22.5576;87094.9807
741;Merzligen;13.4526;70065.6250
742;M rigen;38.8495;96400.7444
743;Nidau;179.2004;60255.6826
744;Orpund;69.2952;60785.2632
745;Port;123.7228;75348.8429
746;Safnern;54.7403;67580.6173
747;Scheuren;12.8212;65414.2857
748;Schwadernau;18.3539;67230.4029
749;Studen (BE);89.0840;64600.4351
750;Sutz-Lattrigen;45.9718;73672.7564
751;T uffelen;87.7264;71033.5223
754;Walperswil;28.5472;64586.4253
755;Worben;64.4987;66699.7932
756;Twann-T scherz;44.0171;80323.1752
761;D rstetten;16.1792;50090.4025
762;Diemtigen;45.2253;54685.9734
763;Erlenbach im Simmental;37.2431;52902.1307
766;Oberwil im Simmental;13.8851;47551.7123
767;Reutigen;24.7933;57793.2401
768;Spiez;373.6809;65998.0396
769;Wimmis;57.5197;55898.6395
770;Stocken-H fen;21.5971;57439.0957
782;Guttannen;6.8329;57905.9322
783;Hasliberg;21.5742;53935.5000
784;Innertkirchen;24.6045;57892.9412
785;Meiringen;122.8533;59928.4390
786;Schattenhalb;12.8866;52172.4696
791;Boltigen;23.2492;47350.7128
792;Lenk;52.2841;56219.4624
793;St. Stephan;26.2231;50332.2457
794;Zweisimmen;75.2136;58806.5676
841;Gsteig;27.0823;64481.6667
842;Lauenen;21.4383;66994.6875
843;Saanen;399.9126;130775.8666
852;Guggisberg;25.2131;47661.8147
853;R schegg;37.7484;55107.1533
855;Schwarzenburg;176.9886;60220.6873
861;Belp;364.5285;70522.0546
863;Burgistein;26.9431;59346.0352
865;Gelterfingen;7.7764;55545.7143
866;Gerzensee;43.9177;86793.8735
867;Gurzelen;18.7537;58789.0282
868;Jaberg;7.9513;65713.2231
869;Kaufdorf;30.5977;71657.3770
870;Kehrsatz;126.8163;78330.0185
872;Kirchdorf (BE);28.9817;67872.8337
873;Kirchenthurnen;7.2052;55001.5267
874;Lohnstorf;5.6201;63147.1910
875;M hledorf (BE);7.8025;83897.8495
876;M hlethurnen;39.5990;66777.4030
877;Niedermuhlern;11.4447;56656.9307
878;Noflen;6.7230;52937.0079
879;Riggisberg;63.7729;62954.4916
880;R eggisberg;39.6340;55123.7830
881;R mligen;12.4892;60922.9268
883;Seftigen;61.0150;65748.9224
884;Toffen;80.9022;70780.5774
885;Uttigen;57.5977;69144.8980
886;Wattenwil;62.5359;55985.5864
888;Wald (BE);34.8764;66813.0268
901;Eggiwil;39.5580;48656.8266
902;Langnau im Emmental;220.8506;57274.5332
903;Lauperswil;56.3829;53091.2429
904;R thenbach im Emmental;18.8097;47024.2500
905;R derswil;52.5994;54226.1856
906;Schangnau;14.4625;48048.1728
907;Signau;55.3801;51708.7768
908;Trub;18.3586;45554.8387
909;Trubschachen;26.2717;51112.2568
921;Amsoldingen;22.7219;64550.8523
922;Blumenstein;29.6475;56795.9770
923;Buchholterberg;35.0696;57209.7879
924;Eriz;8.0136;44030.7692
925;Fahrni;18.1846;58097.7636
927;Heiligenschwendi;16.9342;59627.4648
928;Heimberg;186.5160;62338.2353
929;Hilterfingen;167.5169;86482.6536
931;Homberg;8.9376;55860.0000
932;Horrenbach-Buchen;3.3751;45609.4595
934;Oberhofen am Thunersee;97.1875;81464.7946
935;Oberlangenegg;8.5058;48604.5714
936;Pohlern;5.4948;52331.4286
937;Schwendibach;5.7346;58516.3265
938;Sigriswil;142.7025;62671.2780
939;Steffisburg;478.5357;65454.2060
940;Teuffenthal (BE);2.3431;46862.0000
941;Thierachern;65.6442;64546.9027
942;Thun;1307.2344;64206.0118
943;Uebeschi;13.9653;57234.8361
944;Uetendorf;166.8924;62930.7692
945;Unterlangenegg;19.2577;53051.5152
946;Wachseldorn;3.8738;50971.0526
947;Zwieselberg;7.0250;62723.2143
948;Forst-L ngenb hl;16.6116;57479.5848
951;Affoltern im Emmental;23.8644;50560.1695
952;D rrenroth;21.4670;53136.1386
953;Eriswil;23.7533;47697.3896
954;Huttwil;109.5711;56247.9979
955;L tzelfl h;91.2945;54765.7469
956;R egsau;78.3477;59085.7466
957;Sumiswald;106.3763;52453.7968
958;Trachselwald;18.2955;49181.4516
959;Walterswil (BE);9.0994;51701.1364
960;Wyssachen;21.4498;51686.2651
971;Attiswil;38.5159;59807.2981
972;Berken;1.3142;54758.3333
973;Bettenhausen;17.2832;57610.6667
975;Farnern;5.6845;62467.0330
976;Graben;7.4789;55399.2593
977;Heimenhausen;27.8285;58834.0381
978;Hermiswil;2.1768;53092.6829
979;Herzogenbuchsee;188.8273;63152.9431
980;Inkwil;18.8536;59288.0503
981;Niederbipp;116.1170;59823.2870
982;Nieder nz;44.1952;62334.5557
983;Oberbipp;48.8171;63646.8057
985;Ochlenberg;11.2882;50393.7500
987;Rumisberg;15.1894;69997.2350
988;Seeberg;34.4111;54794.7452
989;Th rigen;29.0706;60063.2231
990;Walliswil bei Niederbipp;6.5089;56599.1304
991;Walliswil bei Wangen;16.8741;59207.3684
992;Wangen an der Aare;61.6100;61242.5447
993;Wangenried;11.2984;61404.3478
995;Wiedlisbach;63.4691;62042.1310
996;Wolfisberg;6.4206;76435.7143
1001;Doppleschwand;13.1697;53318.6235
1002;Entlebuch;72.6600;55170.8428
1004;Fl hli;33.9747;46350.2046
1005;Hasle (LU);31.4507;49842.6307
1007;Romoos;11.0544;46840.6780
1008;Sch pfheim;88.8883;55382.1184
1009;Werthenstein;39.6859;52633.8196
1010;Escholzmatt-Marbach;79.0881;48699.5690
1021;Aesch (LU);34.5340;70621.6769
1022;Altwis;9.1539;67308.0882
1023;Ballwil;83.6525;71193.6170
1024;Emmen;720.0956;57932.0676
1025;Ermensee;25.0322;70712.4294
1026;Eschenbach (LU);115.0067;71699.9377
1030;Hitzkirch;139.5985;68903.5044
1031;Hochdorf;265.0627;64982.2751
1032;Hohenrain;68.2219;69331.1992
1033;Inwil;73.0696;71287.4146
1037;Rain;82.8373;78667.9012
1039;R merswil;43.1352;64093.9079
1040;Rothenburg;222.8272;72299.5457
1041;Schongau;27.0946;68943.0025
1051;Adligenswil;194.3673;87829.7786
1052;Buchrain;183.8810;75608.9638
1053;Dierikon;42.3650;68998.3713
1054;Ebikon;400.0410;69876.1572
1055;Gisikon;42.7536;81903.4483
1056;Greppen;35.8333;81998.3982
1057;Honau;12.9009;83772.0779
1058;Horw;568.5991;90512.4323
1059;Kriens;809.4004;66289.9590
1061;Luzern;2837.7477;71171.4411
1062;Malters;185.6223;62205.8646
1063;Meggen;519.1430;152554.5107
1064;Meierskappel;46.9070;82728.3951
1065;Root;128.6484;66245.3141
1066;Schwarzenberg;44.2019;61391.5278
1067;Udligenswil;82.5393;88943.2112
1068;Vitznau;48.6133;79433.4967
1069;Weggis;195.5206;92183.2155
1081;Berom nster;163.1886;64247.4803
1082;B ron;56.4748;61924.1228
1083;Buttisholz;77.5193;63488.3702
1084;Eich;78.8972;94942.4789
1085;Geuensee;76.8875;70025.0455
1086;Grosswangen;72.2181;61098.2234
1088;Hildisrieden;72.7045;79026.6304
1089;Knutwil;66.4106;75040.2260
1091;Mauensee;43.6501;76045.4704
1093;Neuenkirch;180.5145;65857.1689
1094;Nottwil;105.8358;68724.5455
1095;Oberkirch;150.4822;75467.5025
1097;Rickenbach (LU);79.3062;65542.3140
1098;Ruswil;171.6080;61092.2036
1099;Schenkon;125.5783;93925.4301
1100;Schlierbach;20.5365;65822.1154
1102;Sempach;153.5524;88656.1201
1103;Sursee;305.6165;66050.6808
1104;Triengen;110.9906;63641.3991
1107;Wolhusen;96.5315;60673.4758
1121;Alberswil;15.5234;55839.5683
1122;Altb ron;26.8304;64341.4868
1123;Altishofen;41.9289;67956.0778
1125;Dagmersellen;144.6095;63314.1419
1126;Ebersecken;8.1800;61044.7761
1127;Egolzwil;41.4720;66143.5407
1128;Ettiswil;64.4665;60249.0654
1129;Fischbach;14.8092;54246.1538
1130;Gettnau;21.7992;54362.0948
1131;Grossdietwil;18.7853;56753.1722
1132;Hergiswil bei Willisau;32.2778;49054.4073
1135;Luthern;20.6242;47087.2146
1136;Menznau;58.0538;54561.8421
1137;Nebikon;72.4989;69443.3908
1139;Pfaffnau;65.8908;61236.8030
1140;Reiden;174.6756;60274.5342
1142;Roggliswil;16.5113;56160.8844
1143;Sch tz;91.4489;58284.8311
1145;Ufhusen;17.1298;52384.7095
1146;Wauwil;52.3356;64611.8519
1147;Wikon;40.3772;64397.4482
1150;Zell (LU);46.7944;62061.5385
1151;Willisau;202.7132;61671.1895
1201;Altdorf (UR);277.8823;66257.1054
1202;Andermatt;48.3667;69995.2243
1203;Attinghausen;37.9366;62601.6502
1204;Bauen;5.2785;65981.2500
1205;B rglen (UR);99.4325;63051.6804
1206;Erstfeld;88.1291;56061.7684
1207;Fl elen;59.2364;69363.4660
1208;G schenen;10.4759;53722.5641
1209;Gurtnellen;11.1400;50180.1802
1210;Hospental;4.9005;52693.5484
1211;Isenthal;7.6934;45794.0476
1212;Realp;4.5363;55320.7317
1213;Schattdorf;140.2119;64554.2818
1214;Seedorf (UR);44.6130;68215.5963
1215;Seelisberg;18.3010;56659.4427
1216;Silenen;45.8757;53468.1818
1217;Sisikon;9.2570;57141.9753
1218;Spiringen;14.9182;47814.7436
1219;Untersch chen;13.0020;49816.0920
1220;Wassen;9.2702;52374.0113
1301;Einsiedeln;488.8464;73180.5988
1311;Gersau;67.0752;67142.3423
1321;Feusisberg;601.8317;229181.9117
1322;Freienbach;1515.7520;184062.1736
1323;Wollerau;945.4665;262483.7590
1331;K ssnacht (SZ);622.2797;105346.1486
1341;Altendorf;378.7263;117470.9367
1342;Galgenen;186.4340;81023.0335
1343;Innerthal;4.1654;57060.2740
1344;Lachen;395.8204;95447.4078
1345;Reichenburg;102.4618;69277.7552
1346;Sch belbach;252.0766;66598.8375
1347;Tuggen;124.5285;82633.3776
1348;Vorderthal;24.7322;56725.2294
1349;Wangen (SZ);165.3223;72957.7670
1361;Alpthal;19.8132;69520.0000
1362;Arth;328.7993;67101.8980
1363;Illgau;14.3848;55755.0388
1364;Ingenbohl;296.0737;75355.9939
1365;Lauerz;28.3365;65898.8372
1366;Morschach;30.4042;68324.0449
1367;Muotathal;76.5488;55915.8510
1368;Oberiberg;28.2411;63749.6614
1369;Riemenstalden;0.8536;42680.0000
1370;Rothenthurm;52.3328;59672.5200
1371;Sattel;56.9017;70422.8960
1372;Schwyz;483.1802;72866.8677
1373;Steinen;87.8482;63936.0990
1374;Steinerberg;25.3300;66308.9005
1375;Unteriberg;58.1584;57018.0392
1401;Alpnach;172.3366;65032.6792
1402;Engelberg;177.5913;84688.2690
1403;Giswil;90.0781;59496.7635
1404;Kerns;155.4497;62429.5984
1405;Lungern;54.6682;60945.5964
1406;Sachseln;159.6380;72201.7187
1407;Sarnen;1006.0739;210563.8133
1501;Beckenried;126.2292;77441.2270
1502;Buochs;179.3715;71010.0950
1503;Dallenwil;46.4623;59414.7059
1504;Emmetten;55.4802;74973.2432
1505;Ennetb rgen;198.6657;85816.7171
1506;Ennetmoos;64.6775;68297.2545
1507;Hergiswil (NW);468.5574;156865.5507
1508;Oberdorf (NW);91.7922;67197.8038
1509;Stans;288.5165;74609.9043
1510;Stansstad;220.6564;92829.7854
1511;Wolfenschiessen;46.1575;57196.4064
1630;Glarus Nord;486.2500;63787.2229
1631;Glarus S d;251.8607;57713.2676
1632;Glarus;350.5516;64856.9103
1701;Baar;1099.7646;100692.6021
1702;Cham;706.0819;97002.5965
1703;H nenberg;463.9878;117673.8017
1704;Menzingen;147.3471;79176.3031
1705;Neuheim;93.4172;97716.7364
1706;Ober geri;373.6161;142601.5649
1707;Risch;479.3140;99216.3113
1708;Steinhausen;399.9067;91428.1436
1709;Unter geri;369.6477;96463.3873
1710;Walchwil;354.5682;211052.5000
1711;Zug;2131.6445;148339.9095
2004;Bussy (FR);13.3784;61088.5845
2005;Ch bles;25.6301;86007.0470
2008;Ch tillon (FR);14.8099;74421.6080
2009;Cheiry;8.1834;55293.2432
2010;Cheyres;46.0343;71816.3807
2011;Cugy (FR);40.5875;64322.5040
2013;Domdidier;74.8198;64223.0043
2014;Dompierre (FR);22.7663;60872.4599
2015;Estavayer-le-Lac;163.9530;65502.5969
2016;F tigny;21.8140;64729.9703
2022;Gletterens;28.0112;67659.9034
2024;L chelles;21.4458;66190.7407
2025;Lully (FR);24.8394;64350.7772
2027;M ni res;9.7802;68874.6479
2029;Montagny (FR);56.6485;63793.3559
2033;Morens (FR);3.5580;56476.1905
2034;Murist;13.6236;60549.3333
2035;Nuvilly;9.1745;58810.8974
2038;Pr vondavaux;1.4958;55400.0000
2039;Rueyres-les-Pr s;11.3410;67910.1796
2040;Russy;6.0544;64408.5106
2041;Saint-Aubin (FR);44.9927;68274.2033
2043;S vaz;6.5035;62533.6538
2044;Surpierre;8.1354;57291.5493
2045;Vallon;8.4560;64060.6061
2047;Villeneuve (FR);8.4880;56586.6667
2049;Vuissens;4.8823;64240.7895
2050;Les Montets;34.7225;61893.9394
2051;Delley-Portalban;36.9737;72782.8740
2052;Vernay;26.1220;64818.8586
2061;Auboranges;13.5097;108949.1935
2063;Billens-Hennens;16.5115;60928.0443
2066;Chapelle (Gl ne);6.9728;77475.5556
2067;Le Ch telard;7.4757;60778.0488
2068;Ch tonnaye;18.7190;60775.9740
2072;Ecublens (FR);10.0986;72651.7986
2079;Grangettes;5.1115;66383.1169
2086;Massonnens;11.3609;62767.4033
2087;M zi res (FR);24.7562;68958.7744
2089;Montet (Gl ne);11.3261;73546.1039
2096;Romont (FR);108.4956;61575.2554
2097;Rue;38.2721;64758.2064
2099;Siviriez;217.3320;251250.8671
2102;Ursy;75.9142;68329.6130
2111;Villaz-Saint-Pierre;26.5031;60786.9266
2113;Vuisternens-devant-Romont;53.4629;62529.7076
2114;Villorsonnens;32.3075;65267.6768
2115;Torny;21.1935;61252.8902
2116;La Folliaz;24.1053;63939.7878
2121;Haut-Intyamon;32.6502;52408.0257
2122;Pont-en-Ogoz;52.6012;72353.7827
2123;Botterens;13.8396;64671.0280
2124;Broc;58.1002;61351.8479
2125;Bulle;562.0747;67145.4665
2128;Ch tel-sur-Montsalvens;8.8276;60880.0000
2129;Corbi res;23.5709;68321.4493
2130;Cr suz;19.1539;94821.2871
2131;Echarlens;22.9104;75116.0656
2134;Grandvillard;21.5817;69843.6893
2135;Gruy res;57.3760;64178.9709
2137;Hauteville;17.5706;70002.3904
2138;Jaun;13.0168;48935.3383
2140;Marsens;52.5784;78710.1796
2143;Morlon;20.8667;80878.6822
2145;Le P quier (FR);32.9168;76020.3233
2147;Pont-la-Ville;16.9565;71245.7983
2148;Riaz;67.6793;69772.4742
2149;La Roche;46.0105;74090.9823
2152;S les;34.8633;64442.3290
2153;Sorens;28.8229;65655.8087
2155;Vaulruz;26.9548;65743.4146
2160;Vuadens;59.8526;66949.2170
2162;Bas-Intyamon;29.4850;56920.8494
2163;Val-de-Charmey;70.8938;60957.6956
2171;Arconciel;25.1473;73315.7434
2172;Autafond;1.5678;74657.1429
2173;Autigny;19.1450;65119.0476
2174;Avry;62.2922;87859.2384
2175;Belfaux;81.3191;71207.6182
2177;Ch nens;20.9651;66981.1502
2179;Ch sopelloz;6.7492;127343.3962
2183;Corminboeuf;86.3556;89026.3918
2184;Corpataux-Magnedens;33.5822;70108.9770
2185;Corserey;10.6533;69177.2727
2186;Cottens (FR);37.6958;76617.4797
2189;Ependes (FR);29.6603;70619.7619
2192;Farvagny;59.0946;69278.5463
2194;Ferpicloz;23.4178;220922.6415
2196;Fribourg;996.9982;65882.3895
2197;Givisiez;85.4436;71084.5258
2198;Granges-Paccot;89.2276;68848.4568
2200;Grolley;48.7019;70582.4638
2206;Marly;219.7621;73302.9019
2208;Matran;50.4445;83655.8872
2211;Neyruz (FR);80.2816;79408.1108
2213;Nor az;18.2569;75754.7718
2216;Pierrafortscha;6.2129;112961.8182
2217;Ponthaux;16.9031;67612.4000
2220;Le Mouret;80.1223;68247.2743
2221;Prez-vers-Nor az;27.8918;70079.8995
2222;Rossens (FR);38.0829;73947.3786
2223;Le Gl be;29.5630;68274.8268
2225;Sen des;3.7136;64027.5862
2226;Treyvaux;33.3230;62637.2180
2228;Villars-sur-Gl ne;363.0459;80730.6871
2230;Villarsel-sur-Marly;2.2584;66423.5294
2231;Vuisternens-en-Ogoz;21.4214;66115.4321
2233;Hauterive (FR);65.1594;72722.5446
2234;La Brillaz;54.6463;76109.0529
2235;La Sonnaz;29.8650;72137.6812
2243;Barber che;16.4889;73611.1607
2250;Courgevaux;39.7358;73721.3358
2251;Courlevon;9.2715;67184.7826
2254;Courtepin;82.0368;67520.0000
2257;Cressier (FR);27.2825;72947.8610
2258;Fr schels;15.0808;74289.6552
2259;Galmiz;18.2471;64936.2989
2260;Gempenach;8.8678;59917.5676
2261;Greng;13.6399;153257.3034
2262;Gurmels;117.3031;68678.6300
2264;Jeuss;13.6865;80508.8235
2265;Kerzers;135.7323;67900.1001
2266;Kleinb singen;21.8951;72983.6667
2270;Lurtigen;4.6002;56792.5926
2271;Meyriez;25.4864;92342.0290
2272;Misery-Courtion;42.2898;63593.6842
2274;Muntelier;43.4107;91390.9474
2275;Murten;209.5026;72068.3179
2276;Ried bei Kerzers;31.9775;75064.5540
2277;Salvenach;19.0227;73731.3953
2278;Ulmiz;11.7420;67097.1429
2279;Villarepos;18.7349;68126.9091
2280;Bas-Vully;67.0011;71126.4331
2281;Haut-Vully;67.0579;99640.2675
2283;Wallenried;12.1694;71166.0819
2291;Alterswil;52.3079;58706.9585
2292;Br nisried;18.1194;56979.2453
2293;D dingen;238.1319;67785.9095
2294;Giffers;41.0836;62818.9602
2295;B singen;101.1203;69260.4795
2296;Heitenried;35.1152;59017.1429
2298;Oberschrot;27.4518;54903.6000
2299;Plaffeien;47.5675;51816.4488
2300;Plasselb;25.3485;57610.2273
2301;Rechthalten;29.3223;58998.5915
2302;St. Antoni;54.4865;60073.3186
2303;St. Silvester;22.4794;53907.4341
2304;St. Ursen;33.6786;61011.9565
2305;Schmitten (FR);115.4530;68722.0238
2306;Tafers;99.1200;70148.6200
2307;Tentlingen;35.5093;62406.5026
2308;Ueberstorf;71.8072;65938.6593
2309;W nnewil-Flamatt;144.7260;64609.8214
2310;Zumholz;9.0064;52060.1156
2321;Attalens;98.1299;76365.6809
2323;Bossonnens;36.8551;67253.8321
2325;Ch tel-Saint-Denis;187.1463;70329.3123
2328;Granges (Veveyse);24.7406;74745.0151
2333;Remaufens;28.5309;75081.3158
2335;Saint-Martin (FR);24.1967;68740.6250
2336;Semsales;37.6695;62058.4843
2337;Le Flon;24.3735;61861.6751
2338;La Verrerie;24.0086;62037.7261
2401;Egerkingen;98.5318;65296.0901
2402;H rkingen;49.1723;68200.1387
2403;Kestenholz;52.2684;66330.4569
2404;Neuendorf;61.5121;67670.0770
2405;Niederbuchsiten;32.8049;60414.1805
2406;Oberbuchsiten;62.6906;64763.0165
2407;Oensingen;185.1916;65070.8363
2408;Wolfwil;61.5509;66613.5281
2421;Aedermannsdorf;13.1978;59182.9596
2422;Balsthal;158.2854;63619.5338
2423;G nsbrunnen;1.8993;54265.7143
2424;Herbetswil;12.8461;54202.9536
2425;Holderbank (SO);16.0125;57187.5000
2426;Laupersdorf;41.5287;58989.6307
2427;Matzendorf;34.0017;60073.6749
2428;M mliswil-Ramiswil;61.4953;57526.0056
2429;Welschenrohr;25.0938;53619.2308
2445;Biezwil;10.3892;67462.3377
2455;L terkofen-Ichertswil;28.1488;74665.2520
2456;L terswil-G chliwil;10.3096;64435.0000
2457;Messen;44.2711;70833.7600
2461;Schnottwil;33.5649;70366.6667
2463;Unterramsern;7.1263;77459.7826
2464;L sslingen-Nennigkofen;34.6803;72705.0314
2465;Buchegg;82.0475;68889.5886
2471;B ttwil;40.6181;80912.5498
2472;B ren (SO);32.7549;81479.8507
2473;Dornach;270.2312;90438.8220
2474;Gempen;33.1471;88866.2198
2475;Hochwald;54.7940;98373.4291
2476;Hofstetten-Fl h;138.1181;99508.7176
2477;Metzerlen-Mariastein;32.2221;76719.2857
2478;Nuglar-St. Pantaleon;52.1110;78010.4790
2479;Rodersdorf;49.3130;86061.0820
2480;Seewen;33.8402;73886.8996
2481;Witterswil;62.0635;96521.7729
2491;Hauenstein-Ifenthal;8.3515;63268.9394
2492;Kienberg;12.9470;60218.6047
2493;Lostorf;134.2712;76902.1764
2495;Niederg sgen;102.1433;62055.4678
2497;Oberg sgen;63.7421;62676.5978
2498;Rohr (SO);2.4484;64431.5789
2499;St sslingen;35.7489;72956.9388
2500;Trimbach;154.4342;58675.6079
2501;Winznau;55.3521;65428.0142
2502;Wisen (SO);12.8795;71552.7778
2503;Erlinsbach (SO);99.9885;66217.5497
2511;Aeschi (SO);43.3226;70557.9805
2513;Biberist;238.6149;63276.2928
2514;Bolken;15.2304;67690.6667
2516;Deitingen;66.3654;67581.8737
2517;Derendingen;169.1376;59429.9368
2518;Etziken;24.1371;65059.5687
2519;Gerlafingen;115.9250;57991.4957
2520;Halten;26.5979;72276.9022
2523;Horriwil;25.3408;71990.9091
2524;H niken;2.9826;67786.3636
2525;Kriegstetten;40.8942;67260.1974
2526;Lohn-Ammannsegg;115.0520;85540.5204
2527;Luterbach;100.0286;61860.6061
2528;Obergerlafingen;35.2667;66166.4165
2529;Oekingen;25.6169;71957.5843
2530;Recherswil;55.5754;64323.3796
2532;Subingen;90.6985;66739.1464
2534;Zuchwil;225.0066;56776.8357
2535;Drei H fe;22.0441;66397.8916
2541;Balm bei G nsberg;7.1319;78372.5275
2542;Bellach;149.4972;63319.4409
2543;Bettlach;177.0506;73100.9909
2544;Feldbrunnen-St. Niklaus;69.6368;132641.5238
2545;Flumenthal;29.4962;60816.9072
2546;Grenchen;461.5213;59344.3873
2547;G nsberg;47.6252;82826.4348
2548;Hubersdorf;21.7121;70723.4528
2549;Kammersrohr;2.5334;126670.0000
2550;Langendorf;127.2265;69827.9363
2551;Lommiswil;47.9611;71158.9021
2553;Oberdorf (SO);62.6599;84675.5405
2554;Riedholz;83.3451;79000.0948
2555;R ttenen;51.5658;71619.1667
2556;Selzach;100.8943;65261.5136
2571;Boningen;22.7115;63976.0563
2572;D niken;89.2480;66702.5411
2573;Dulliken;114.6069;57103.5874
2574;Eppenberg-W schnau;9.1351;66196.3768
2575;Fulenbach;51.1389;66500.5202
2576;Gretzenbach;78.9963;70156.5719
2578;Gunzgen;50.5918;64366.1578
2579;H gendorf;159.4902;74948.4023
2580;Kappel (SO);103.1831;73179.5035
2581;Olten;582.6430;65731.3854
2582;Rickenbach (SO);31.7132;77728.4314
2583;Sch nenwerd;124.5764;59322.0952
2584;Starrkirch-Wil;63.9064;82673.2212
2585;Walterswil (SO);19.8507;60336.4742
2586;Wangen bei Olten;159.8050;69269.6142
2601;Solothurn;633.4068;70613.9130
2611;B rschwil;21.4720;57258.6667
2612;Beinwil (SO);5.4365;52781.5534
2613;Breitenbach;110.4346;70251.0178
2614;B sserach;71.0801;72977.5154
2615;Erschwil;25.3081;64892.5641
2616;Fehren;16.2569;65027.6000
2617;Grindel;12.7978;63043.3498
2618;Himmelried;33.8858;74968.5841
2619;Kleinl tzel;30.3153;56243.5993
2620;Meltingen;17.1464;64218.7266
2621;Nunningen;57.7122;68868.9737
2622;Zullwil;14.5308;57433.9921
2701;Basel;6431.3324;81532.0850
2702;Bettingen;91.0303;180974.7515
2703;Riehen;1015.7108;104411.0609
2761;Aesch (BL);365.9217;77690.3822
2762;Allschwil;799.0762;81075.1015
2763;Arlesheim;467.4979;107917.3361
2764;Biel-Benken;186.2190;124979.1946
2765;Binningen;827.2358;112641.0403
2766;Birsfelden;316.8063;64693.9555
2767;Bottmingen;370.4856;119781.9593
2768;Ettingen;193.3256;83007.9863
2769;M nchenstein;409.3273;76696.1402
2770;Muttenz;659.9046;80173.0774
2771;Oberwil (BL);532.3186;104070.1075
2772;Pfeffingen;124.2770;118925.3589
2773;Reinach (BL);772.9335;86467.5579
2774;Sch nenbuch;59.4567;92611.6822
2775;Therwil;434.7202;96368.9204
2781;Blauen;26.2751;81599.6894
2782;Brislach;44.0016;67383.7672
2783;Burg im Leimental;9.5849;81922.2222
2784;Dittingen;21.0253;63906.6869
2785;Duggingen;50.6847;80836.8421
2786;Grellingen;52.4375;70670.4852
2787;Laufen;165.3241;66797.6162
2788;Liesberg;34.1136;63763.7383
2789;Nenzlingen;13.2575;72051.6304
2790;Roggenburg;5.6462;54817.4757
2791;R schenz;62.7779;75454.2067
2792;Wahlen;40.2248;65088.6731
2793;Zwingen;64.5453;67304.7967
2821;Arisdorf;61.1917;83939.2318
2822;Augst;35.9816;76071.0359
2823;Bubendorf;146.8425;77612.3150
2824;Frenkendorf;199.2595;72221.6383
2825;F llinsdorf;152.3045;78914.2487
2826;Giebenach;36.8855;78147.2458
2827;Hersberg;13.2835;85700.0000
2828;Lausen;150.4827;69410.8395
2829;Liestal;460.7457;75359.1266
2830;Lupsingen;59.9321;97609.2834
2831;Pratteln;446.6532;66864.2515
2832;Ramlinsburg;30.4314;92496.6565
2833;Seltisberg;57.3720;94673.2673
2834;Ziefen;42.0358;70767.3401
2841;Anwil;15.5975;70576.9231
2842;B ckten;28.3135;81360.6322
2843;Buckten;19.0085;66931.3380
2844;Buus;29.4012;68216.2413
2845;Diepflingen;21.8865;72232.6733
2846;Gelterkinden;183.2847;68135.5762
2847;H felfingen;8.0344;66953.3333
2848;Hemmiken;7.6634;61801.6129
2849;Itingen;64.5084;73639.7260
2850;K nerkinden;20.1004;85533.6170
2851;Kilchberg (BL);4.8442;80736.6667
2852;L ufelfingen;36.4271;69650.2868
2853;Maisprach;36.9915;84071.5909
2854;Nusshof;11.1907;99032.7434
2855;Oltingen;11.2151;60622.1622
2856;Ormalingen;70.4824;71194.3434
2857;Rickenbach (BL);17.9418;71481.2749
2858;Rothenfluh;22.8701;71246.4174
2859;R mlingen;9.5026;64206.7568
2860;R nenberg;25.4181;74105.2478
2861;Sissach;243.5238;78002.4984
2862;Tecknau;20.6681;67764.2623
2863;Tenniken;29.1730;69625.2983
2864;Th rnen;42.2355;67147.0588
2865;Wenslingen;23.1515;72348.4375
2866;Wintersingen;19.4923;71139.7810
2867;Wittinsburg;12.8168;74085.5491
2868;Zeglingen;12.3949;61974.5000
2869;Zunzgen;74.7332;66252.8369
2881;Arboldswil;20.4358;83072.3577
2882;Bennwil;18.4861;71374.9035
2883;Bretzwil;18.3382;63453.9792
2884;Diegten;45.6712;68370.0599
2885;Eptingen;12.8611;55917.8261
2886;H lstein;74.7111;75542.0627
2887;Lampenberg;17.0456;78190.8257
2888;Langenbruck;23.8587;57629.7101
2889;Lauwil;8.8304;62626.9504
2890;Liedertswil;4.6200;62432.4324
2891;Niederdorf;49.6398;66186.4000
2892;Oberdorf (BL);65.8397;69232.0715
2893;Reigoldswil;42.1999;63268.2159
2894;Titterten;11.6437;68091.8129
2895;Waldenburg;31.1468;62169.2615
2901;G chlingen;22.1654;64811.1111
2903;L hningen;41.4629;71859.4454
2904;Neunkirch;60.2967;66773.7542
2914;B ttenhardt;11.1811;77111.0345
2915;D rflingen;32.3663;77431.3397
2917;Lohn (SH);23.1072;74299.6785
2919;Stetten (SH);54.4841;102221.5760
2920;Thayngen;150.2012;64270.9457
2931;Bargen (SH);7.1613;57290.4000
2932;Beringen;133.1255;65450.0983
2933;Buchberg;34.4272;94063.3880
2936;Merishausen;20.5893;68176.4901
2937;Neuhausen am Rheinfall;264.1858;60316.3927
2938;R dlingen;32.4510;94885.9649
2939;Schaffhausen;1121.5709;67252.5574
2951;Beggingen;10.5278;53170.7071
2952;Schleitheim;40.9051;58687.3745
2953;Siblingen;25.0220;66903.7433
2961;Buch (SH);10.1273;67968.4564
2962;Hemishofen;13.6286;68831.3131
2963;Ramsen;34.1833;58936.7241
2964;Stein am Rhein;106.9487;70268.5283
2971;Hallau;52.3334;61208.6550
2972;Oberhallau;10.8099;62848.2558
2973;Trasadingen;13.9286;56620.3252
2974;Wilchingen;44.0941;66009.1317
3001;Herisau;438.2929;62613.2714
3002;Hundwil;16.5275;51327.6398
3003;Sch nengrund;12.6623;57295.4751
3004;Schwellbrunn;34.3760;60203.1524
3005;Stein (AR);40.7141;71553.7786
3006;Urn sch;48.5030;53358.6359
3007;Waldstatt;44.3918;63689.8135
3021;B hler;38.6804;58518.0030
3022;Gais;92.4589;69675.1319
3023;Speicher;143.1089;75759.0789
3024;Teufen (AR);304.1128;101472.4057
3025;Trogen;47.9739;67855.5870
3031;Grub (AR);26.0098;61199.5294
3032;Heiden;119.6108;65361.0929
3033;Lutzenberg;37.4971;66366.5487
3034;Rehetobel;49.3144;67369.3989
3035;Reute (AR);19.0205;60191.4557
3036;Wald (AR);21.5054;62154.3353
3037;Walzenhausen;60.7252;66221.5921
3038;Wolfhalden;49.6762;65363.4211
3101;Appenzell;203.6290;74836.0897
3102;Gonten;35.5497;60768.7179
3103;R te;142.5228;97551.5400
3104;Schlatt-Haslen;27.3669;58601.4989
3105;Schwende;59.2624;69720.4706
3111;Oberegg;53.8717;62860.7935
3201;H ggenschwil;33.8093;68718.0894
3202;Muolen;29.4298;63700.8658
3203;St. Gallen;2307.4030;66580.1881
3204;Wittenbach;258.8192;63234.5957
3211;Berg (SG);26.7191;78585.5882
3212;Eggersriet;65.5433;69578.8747
3213;Goldach;273.8575;65328.6021
3214;M rschwil;170.0388;110486.5497
3215;Rorschach;207.6925;53806.3472
3216;Rorschacherberg;227.5562;68685.8436
3217;Steinach;102.2660;64521.1356
3218;T bach;48.4112;84047.2222
3219;Untereggen;32.6473;75397.9215
3231;Au (SG);217.2015;64778.2583
3232;Balgach;144.6408;68811.0371
3233;Berneck;118.5602;70071.0402
3234;Diepoldsau;176.0669;67124.2470
3235;Rheineck;84.8573;59051.7049
3236;St. Margrethen;126.5166;53722.5478
3237;Thal;189.5286;68894.4384
3238;Widnau;255.2787;64725.8367
3251;Altst tten;283.4770;60429.9723
3252;Eichberg;37.2946;62680.0000
3253;Marbach (SG);54.5628;64955.7143
3254;Oberriet (SG);215.3249;59580.7692
3255;Rebstein;113.0293;60121.9681
3256;R thi (SG);53.2432;58125.7642
3271;Buchs (SG);351.9723;60884.3280
3272;Gams;84.5357;61614.9417
3273;Grabs;189.6600;66060.6061
3274;Sennwald;135.0654;58318.3938
3275;Sevelen;124.9720;58343.6041
3276;Wartau;127.2076;59526.2518
3291;Bad Ragaz;170.5094;62733.4069
3292;Flums;103.5867;50456.2591
3293;Mels;214.2431;59760.9763
3294;Pf fers;34.7045;56156.1489
3295;Quarten;71.5656;52314.0351
3296;Sargans;175.7989;62384.2796
3297;Vilters-Wangs;120.2408;61535.7216
3298;Walenstadt;147.4694;62223.3755
3311;Amden;57.4700;66286.0438
3312;Benken (SG);71.9918;65926.5568
3313;Kaltbrunn;122.0514;61117.3761
3315;Sch nis;93.8438;59132.8292
3316;Weesen;49.2451;68586.4903
3338;Schmerikon;112.4409;71664.0535
3339;Uznach;160.8742;65932.0492
3340;Rapperswil-Jona;1039.2863;81080.2231
3341;Gommiswald;148.6127;68611.5882
3342;Eschenbach (SG);247.4523;66897.0803
3352;Ebnat-Kappel;113.2157;55362.2005
3359;Wildhaus-Alt St. Johann;54.2806;49798.7156
3360;Nesslau;81.9343;53586.8542
3372;Hemberg;17.3792;53972.6708
3374;Lichtensteig;50.1957;56399.6629
3375;Oberhelfenschwil;30.3848;58999.6117
3378;Neckertal;83.4079;51870.5846
3379;Wattwil;196.6419;56669.1354
3392;Kirchberg (SG);197.2688;61646.5000
3393;L tisburg;34.5195;60773.7676
3394;Mosnang;58.6425;58878.0120
3395;B tschwil-Ganterschwil;113.0868;58563.8529
3401;Degersheim;90.6204;59657.9329
3402;Flawil;264.4353;62278.6858
3405;Jonschwil;101.9953;68361.4611
3407;Oberuzwil;177.1251;66814.4474
3408;Uzwil;320.6558;62154.6424
3422;Niederb ren;36.8745;64241.2892
3423;Niederhelfenschwil;79.1749;69757.6211
3424;Oberb ren;124.0106;66600.7519
3426;Zuzwil (SG);168.5873;80012.9568
3427;Wil (SG);734.1482;68753.3433
3441;Andwil (SG);57.0113;74719.9214
3442;Gaiserwald;287.6154;76534.1671
3443;Gossau (SG);534.1569;65710.0381
3444;Waldkirch;90.4643;68018.2707
3503;Mutten;1.2858;49453.8462
3506;Vaz/Obervaz;105.5520;59000.5590
3513;Lantsch/Lenz;15.0229;46366.9753
3514;Schmitten (GR);5.2622;45758.2609
3521;Berg n/Bravuogn;10.9256;47502.6087
3522;Filisur;10.4348;58953.6723
3531;Bivio;4.7712;37866.6667
3532;Cunter;6.5489;49991.6031
3533;Marmorera;1.7392;108700.0000
3534;Mulegns;0.5796;52690.9091
3536;Riom-Parsonz;8.1089;44554.3956
3538;Salouf;5.1833;49839.4231
3539;Savognin;26.6830;46164.3599
3540;Sur;1.4338;42170.5882
3541;Tinizong-Rona;8.2505;51245.3416
3542;Albula/Alvra;30.7910;47298.0031
3551;Brusio;23.7432;51281.2095
3561;Poschiavo;79.9111;56634.3728
3572;Falera;18.0102;42678.1991
3575;Laax;61.9875;46642.2122
3581;Sagogn;17.1410;52100.3040
3582;Schluein;14.9885;52776.4085
3603;Vals;24.8551;49809.8196
3611;Andiast;3.5868;42197.6471
3612;Obersaxen;19.8796;44976.4706
3616;Waltensburg/Vuorz;7.2364;44946.5839
3617;Mundaun;7.6064;40675.9358
3618;Lumnezia;46.2258;48001.8692
3619;Ilanz/Glion;111.0403;57653.3229
3633;F rstenau;9.0412;66971.8519
3637;Rothenbrunnen;6.8502;61713.5135
3638;Scharans;22.5261;66058.9443
3640;Sils im Domleschg;20.7319;58897.4432
3661;Cazis;45.2829;57175.3788
3662;Flerden;4.2091;54663.6364
3663;Masein;11.1489;63708.0000
3668;Thusis;70.6148;60148.8927
3669;Tschappina;1.9880;42297.8723
3670;Urmein;4.5994;60518.4211
3672;Safiental;14.9507;48699.3485
3673;Domleschg;50.5702;64585.1852
3681;Avers;3.3919;52998.4375
3691;Hinterrhein;1.2247;45359.2593
3693;Nufenen;2.9544;62859.5745
3694;Spl gen;10.8039;46170.5128
3695;Sufers;2.9310;57470.5882
3701;Andeer;22.2336;58509.4737
3703;Casti-Wergenstein;1.2928;53866.6667
3705;Donat;4.2633;53291.2500
3707;Lohn (GR);0.7244;45275.0000
3708;Mathon;1.0779;32663.6364
3711;Rongellen;1.6051;55348.2759
3712;Zillis-Reischen;8.7114;57691.3907
3713;Ferrera;2.2778;52972.0930
3721;Bonaduz;90.9829;69399.6186
3722;Domat/Ems;202.3456;64605.8748
3723;Rh z ns;34.3714;64245.6075
3731;Felsberg;74.9728;75425.3521
3732;Flims;89.5035;52866.8045
3733;Tamins;34.5013;65343.3712
3734;Trin;36.0166;57626.5600
3746;Zernez;39.6652;64601.3029
3752;Samnaun;19.8325;63362.6198
3762;Scuol;120.3828;56972.4562
3764;Valsot;19.6337;55777.5568
3781;Bever;25.0808;73335.6725
3782;Celerina/Schlarigna;104.0018;93108.1468
3783;Madulain;8.2714;43533.6842
3784;Pontresina;85.5686;73702.4978
3785;La Punt-Chamues-ch;36.4413;64842.1708
3786;Samedan;106.5695;66028.1908
3787;St. Moritz;282.0162;91149.3859
3788;S-chanf;24.2070;74027.5229
3789;Sils im Engadin/Segl;26.6910;64007.1942
3790;Silvaplana;58.1156;53860.6117
3791;Zuoz;39.3841;55943.3239
3792;Bregaglia;41.5285;49204.3839
3804;Buseno;2.4087;48174.0000
3805;Castaneda;7.4831;53450.7143
3808;Rossa;3.9688;51542.8571
3810;Santa Maria in Calanca;3.7653;57050.0000
3821;Lostallo;19.1565;55849.8542
3822;Mesocco;35.1350;43863.9201
3823;Soazza;11.0604;68698.1366
3831;Cama;16.6471;66855.8233
3832;Grono;25.0050;64612.4031
3833;Leggia;3.4574;51602.9851
3834;Roveredo (GR);57.8088;58988.5714
3835;San Vittore;21.0985;62606.8249
3836;Verdabbio;2.9591;51914.0351
3837;Calanca;4.3136;44470.1031
3847;Val M stair;35.9106;50937.0213
3851;Davos;373.1339;63653.0024
3861;Fideris;13.7538;55458.8710
3862;Furna;2.8496;44525.0000
3863;Jenaz;26.7775;56373.6842
3871;Klosters-Serneus;136.5548;62410.7861
3881;Conters im Pr ttigau;5.4614;60015.3846
3882;K blis;19.6238;55278.3099
3883;Saas;17.7986;50998.8539
3891;Luzein;27.9793;55624.8509
3893;St. Ant nien;4.8512;45338.3178
3901;Chur;1153.0864;70203.1294
3911;Churwalden;54.7593;54595.5135
3921;Arosa;98.8648;56461.9075
3926;Maladers;13.3130;57383.6207
3932;Tschiertschen-Praden;7.5609;48158.5987
3941;Haldenstein;31.5060;72096.1098
3945;Trimmis;98.0973;71085.0000
3946;Untervaz;70.6981;66633.4590
3947;Zizers;99.1290;68791.8112
3951;Fl sch;29.1343;86451.9288
3952;Jenins;32.5025;79858.7224
3953;Maienfeld;108.9942;79326.2009
3954;Malans;87.1929;86932.1037
3955;Landquart;232.0924;61891.3067
3961;Gr sch;52.8958;61722.0537
3962;Schiers;61.3548;59625.6560
3972;Seewis im Pr ttigau;33.7752;60420.7513
3981;Breil/Brigels;27.8901;47191.3706
3982;Disentis/Must r;49.7962;53429.3991
3983;Medel (Lucmagn);8.5421;50845.8333
3985;Sumvitg;25.0804;50463.5815
3986;Tujetsch;34.2828;53988.6614
3987;Trun;26.3599;49548.6842
4001;Aarau;763.0895;72516.3451
4002;Biberstein;70.3056;93615.9787
4003;Buchs (AG);240.7939;68213.5694
4004;Densb ren;20.7006;63498.7730
4005;Erlinsbach (AG);149.9453;83072.1884
4006;Gr nichen;221.3883;67128.0473
4007;Hirschthal;57.3856;74915.9269
4008;K ttigen;228.2672;80716.8317
4009;Muhen;120.1578;68193.9841
4010;Oberentfelden;212.8094;64900.7014
4012;Suhr;277.1580;67698.5833
4013;Unterentfelden;130.1491;70964.6129
4021;Baden;768.5931;80556.8703
4022;Bellikon;72.5669;92441.9108
4023;Bergdietikon;128.7178;97958.7519
4024;Birmenstorf (AG);105.9136;80420.3493
4026;Ennetbaden;161.5018;100561.5193
4027;Fislisbach;178.8495;71028.3956
4028;Freienwil;33.0177;79560.7229
4029;Gebenstorf;156.1589;69005.2585
4030;Killwangen;68.7880;80079.1618
4031;K nten;51.2317;71254.1029
4032;M genwil;65.5331;73139.6205
4033;Mellingen;164.4178;70656.5535
4034;Neuenhof;213.0334;59456.7123
4035;Niederrohrdorf;137.6737;79810.8406
4037;Oberrohrdorf;173.0613;89437.3643
4038;Obersiggenthal;304.3203;79874.0945
4039;Remetschwil;80.5380;93540.0697
4040;Spreitenbach;256.4893;62482.1681
4041;Stetten (AG);62.5795;69921.2291
4042;Turgi;84.8012;66199.2194
4044;Untersiggenthal;218.6449;72279.3058
4045;Wettingen;735.7207;75311.7719
4046;Wohlenschwil;46.2198;72787.0866
4047;W renlingen;143.0712;73070.0715
4048;W renlos;241.2129;87427.6549
4049;Ehrendingen;157.8474;75093.9106
4061;Arni (AG);77.9021;96413.4901
4062;Berikon;169.5038;80831.5689
4063;Bremgarten (AG);256.4945;72109.7835
4064;B ttikon;35.1323;76708.0786
4065;Dottikon;106.2267;63723.2753
4066;Eggenwil;35.8360;80349.7758
4067;Fischbach-G slikon;50.1253;70698.5896
4068;H gglingen;79.9014;73371.3499
4071;Jonen;78.0904;90382.4074
4072;Niederwil (AG);88.6856;72514.7997
4073;Oberlunkhofen;95.8445;98605.4527
4074;Oberwil-Lieli;147.2284;142249.6618
4075;Rudolfstetten-Friedlisberg;144.6048;76876.5550
4076;Sarmenstorf;88.2959;71379.0622
4077;T gerig;40.8754;69872.4786
4078;Uezwil;13.1350;68769.6335
4079;Unterlunkhofen;51.2714;80488.8540
4080;Villmergen;203.2989;65014.0390
4081;Widen;164.5846;94480.2526
4082;Wohlen (AG);411.5195;65549.4584
4083;Zufikon;159.4785;79580.0898
4084;Islisberg;24.9073;83581.5436
4091;Auenstein;62.4352;79333.1639
4092;Birr;105.6509;65826.1059
4093;Birrhard;23.5306;68402.9070
4094;B zen;21.6963;64765.0746
4095;Brugg;365.6029;72011.6013
4096;Effingen;18.3707;70929.3436
4097;Elfingen;8.9278;70297.6378
4099;Habsburg;19.4664;95893.5961
4100;Hausen (AG);117.2170;73490.2821
4104;Lupfig;80.0845;71059.8935
4105;Mandach;9.0549;66580.1471
4106;M nthal;13.3473;72539.6739
4107;M lligen;33.7852;69231.9672
4110;Remigen;36.6755;79212.7430
4111;Riniken;44.8168;71137.7778
4112;R fenach;28.5154;74258.8542
4113;Scherz;21.3353;73317.1821
4114;Schinznach-Bad;38.2624;68203.9216
4117;Thalheim (AG);26.4689;69655.0000
4120;Veltheim (AG);41.9558;68331.9218
4121;Villigen;64.6318;70251.9565
4122;Villnachern;46.5716;71428.8344
4123;Windisch;213.6186;67686.5019
4124;B zberg;56.6856;77864.8352
4125;Schinznach;71.8213;72400.5040
4131;Beinwil am See;103.9856;74541.6487
4132;Birrwil;43.2320;71813.9535
4133;Burg (AG);24.1537;56171.3953
4134;D rren sch;36.6323;66004.1441
4135;Gontenschwil;54.8800;61801.8018
4136;Holziken;38.4838;63088.1967
4137;Leimbach (AG);13.6342;71011.4583
4138;Leutwil;23.6251;65262.7072
4139;Menziken;138.8123;60458.3188
4140;Oberkulm;67.1921;61139.3085
4141;Reinach (AG);187.9585;58281.7054
4142;Schlossrued;21.0764;59370.1408
4143;Schmiedrued;27.3675;57015.6250
4144;Sch ftland;138.3012;67562.8725
4145;Teufenthal (AG);42.1294;60443.9024
4146;Unterkulm;71.8581;63088.7621
4147;Zetzwil;37.5589;63444.0878
4161;Eiken;66.4996;69270.4167
4163;Frick;167.5589;71913.6910
4164;Gansingen;31.1025;69116.6667
4165;Gipf-Oberfrick;127.3286;78890.0867
4166;Herznach;46.6147;72949.4523
4167;Hornussen;24.7100;59685.9903
4169;Kaisten;80.0580;73582.7206
4170;Laufenburg;98.2118;69065.9634
4172;M nchwilen (AG);28.9580;69946.8599
4173;Oberhof;16.4891;67302.4490
4175;Oeschgen;30.2354;70808.8993
4176;Schwaderloch;18.6620;62835.0168
4177;Sisseln;47.0088;67931.7919
4179;Ueken;25.3313;67912.3324
4181;Wittnau;38.0707;69854.4954
4182;W lflinswil;27.2073;66359.2683
4183;Zeihen;34.1609;65317.2084
4184;Mettauertal;58.1980;65760.4520
4191;Ammerswil;23.1629;76953.1561
4192;Boniswil;44.4574;71937.5405
4193;Brunegg;22.8181;68522.8228
4194;Dintikon;61.2419;69121.7833
4195;Egliswil;43.1942;72840.1349
4196;Fahrwangen;53.9672;62972.2287
4197;Hallwil;21.6845;57979.9465
4198;Hendschiken;29.8568;62856.4211
4199;Holderbank (AG);32.9850;62948.4733
4200;Hunzenschwil;116.5196;64482.3464
4201;Lenzburg;324.5984;74092.3077
4202;Meisterschwanden;122.2035;87663.9168
4203;M riken-Wildegg;147.4232;77468.8387
4204;Niederlenz;121.6534;68038.8143
4205;Othmarsingen;76.7721;66758.3478
4206;Rupperswil;166.6310;70906.8085
4207;Schafisheim;87.7554;70260.5284
4208;Seengen;148.5246;83675.8310
4209;Seon;142.0609;66383.5981
4210;Staufen;105.6900;74482.0296
4221;Abtwil;26.8950;72298.3871
4222;Aristau;45.7316;74969.8361
4223;Auw;54.6654;72404.5033
4224;Beinwil (Freiamt);33.7822;75575.3915
4226;Besenb ren;17.6281;72543.6214
4227;Bettwil;20.1723;77885.3282
4228;Boswil;79.1529;63373.0184
4229;B nzen;28.8454;64821.1236
4230;Buttwil;35.8409;72552.4291
4231;Dietwil;38.4020;67968.1416
4232;Geltwil;6.5230;79548.7805
4233;Kallern;11.6608;79868.4932
4234;Merenschwand;100.7222;73040.0290
4235;M hlau;30.9405;68301.3245
4236;Muri (AG);224.8222;68355.7920
4237;Oberr ti;44.5742;72714.8450
4238;Rottenschwil;27.2033;75147.2376
4239;Sins;121.3140;70860.9813
4240;Waltenschwil;84.2559;72013.5897
4251;Hellikon;21.2993;59829.4944
4252;Kaiseraugst;198.2482;76543.7066
4253;Magden;160.8375;94002.0456
4254;M hlin;328.3313;70837.3894
4255;Mumpf;41.6185;66483.2268
4256;Obermumpf;30.3596;68070.8520
4257;Olsberg;17.7869;100490.9605
4258;Rheinfelden;454.6936;75342.7672
4259;Schupfart;25.3553;67077.5132
4260;Stein (AG);100.3923;72853.6284
4261;Wallbach;74.6070;84780.6818
4262;Wegenstetten;31.1499;71939.7229
4263;Zeiningen;79.5681;77400.8755
4264;Zuzgen;27.3599;76638.3754
4271;Aarburg;190.2798;60540.8209
4272;Attelwil;7.8689;63974.7967
4273;Bottenwil;23.7348;66484.0336
4274;Brittnau;110.6214;65417.7410
4275;Kirchleerau;24.0196;60049.0000
4276;K lliken;124.1066;66903.8275
4277;Moosleerau;24.8083;61559.0571
4279;Murgenthal;74.4467;62455.2852
4280;Oftringen;356.3982;61960.7441
4281;Reitnau;29.9707;64177.0878
4282;Rothrist;250.8144;66073.3404
4283;Safenwil;100.3008;61572.0074
4284;Staffelbach;30.3213;60764.1283
4285;Strengelbach;122.3305;61226.4765
4286;Uerkheim;39.5199;64260.0000
4287;Vordemwald;53.8077;62421.9258
4288;Wiliberg;5.1526;66058.9744
4289;Zofingen;403.2619;69635.9696
4301;Baldingen;8.5082;67525.3968
4302;B bikon;5.5112;81047.0588
4303;B ttstein;103.4151;65869.4904
4304;D ttingen;108.2417;67524.4541
4305;Endingen;77.1317;74957.9203
4306;Fisibach;10.6231;66394.3750
4307;Full-Reuenthal;24.4737;66685.8311
4308;Kaiserstuhl;11.8981;69579.5322
4309;Klingnau;102.1896;70524.2236
4310;Koblenz;39.5772;60147.7204
4311;Leibstadt;36.4362;66610.9689
4312;Lengnau (AG);83.4695;77573.8848
4313;Leuggern;59.3116;65682.8350
4314;Mellikon;6.8911;65629.5238
4315;Rekingen (AG);22.1186;60765.3846
4316;Rietheim;15.8955;62091.7969
4317;R mikon;6.8345;58918.1034
4318;Schneisingen;47.6916;73711.9011
4319;Siglistorf;18.6954;69499.6283
4320;Tegerfelden;35.7593;71661.9238
4322;Wislikofen;10.3351;65828.6624
4323;Bad Zurzach;123.0299;65198.6751
4401;Arbon;380.3400;60170.8590
4406;Dozwil;16.0707;63772.6190
4411;Egnach;136.7645;70752.4573
4416;Hefenhofen;31.2214;63587.3727
4421;Horn;97.9485;72662.0920
4426;Kesswil;30.5391;73060.0478
4431;Roggwil (TG);92.4278;74298.8746
4436;Romanshorn;284.6238;61156.8113
4441;Salmsach;33.8654;59832.8622
4446;Sommeri;13.3741;61068.9498
4451;Uttwil;67.0372;80188.0383
4461;Amriswil;329.7980;60658.0835
4471;Bischofszell;150.9205;60368.2000
4476;Erlen;88.9733;62393.6185
4486;Hauptwil-Gottshaus;49.2358;63203.8511
4495;Hohentannen;15.8564;62426.7717
4501;Kradolf-Sch nenberg;88.7490;58930.2789
4506;Sulgen;98.7256;61511.2773
4511;Zihlschlacht-Sitterdorf;70.3629;77663.2450
4536;Basadingen-Schlattingen;49.0281;67253.9095
4545;Diessenhofen;103.4044;66583.6446
4546;Schlatt (TG);48.0803;68882.9513
4551;Aadorf;277.3501;68464.6013
4561;Felben-Wellhausen;81.9625;68018.6722
4566;Frauenfeld;844.7790;72444.8161
4571;Gachnang;132.9213;75609.3857
4590;H ttlingen;22.6892;64275.3541
4591;Matzingen;73.0608;69317.6471
4601;Neunforn;37.7455;79631.8565
4606;Stettfurt;45.5835;93027.5510
4611;Thundorf;39.8240;67498.3051
4616;Uesslingen-Buch;36.2985;72020.8333
4621;Warth-Weiningen;59.9205;104209.5652
4641;Altnau;69.5991;75323.7013
4643;Bottighofen;120.6284;113372.5564
4646;Ermatingen;128.9317;86299.6653
4651;Gottlieben;13.5056;88271.8954
4656;G ttingen;46.8983;68067.1988
4666;Kemmental;69.3115;70295.6389
4671;Kreuzlingen;628.6339;68262.9927
4681;Langrickenbach;30.5965;60828.0318
4683;Lengwil;44.1987;66066.8161
4691;M nsterlingen;110.6743;79109.5783
4696;T gerwilen;133.3853;73369.2519
4701;W ldi;29.5717;66008.2589
4711;Affeltrangen;64.3373;63574.4071
4716;Bettwiesen;35.0371;70214.6293
4721;Bichelsee-Balterswil;80.8135;66024.1013
4723;Braunau;21.1838;70145.0331
4724;Eschlikon;139.0420;70436.6768
4726;Fischingen;76.0303;65150.2142
4741;Lommis;36.9388;74323.5412
4746;M nchwilen (TG);151.0655;66813.5781
4751;Rickenbach (TG);76.2739;61610.5816
4756;Sch nholzerswilen;17.7632;63667.3835
4761;Sirnach;254.0140;73055.5076
4776;Tobel-T gerschen;42.6958;64592.7383
4781;W ngi;137.2016;71946.3031
4786;Wilen (TG);75.5337;75382.9341
4791;Wuppenau;29.8544;73897.0297
4801;Berlingen;31.7821;70784.1871
4806;Eschenz;48.8321;63832.8105
4811;Herdern;31.7656;76176.4988
4816;Homburg;43.2826;70263.9610
4821;H ttwilen;54.0213;75448.7430
4826;Mammern;20.8014;77042.2222
4831;M llheim;79.7905;67220.3033
4841;Pfyn;54.8916;65817.2662
4846;Raperswilen;10.7303;62385.4651
4851;Salenstein;75.2836;115820.9231
4864;Steckborn;116.5372;68875.4137
4871;Wagenhausen;44.1495;61834.0336
4881;Amlikon-Bissegg;38.0008;66668.0702
4891;Berg (TG);93.1053;70534.3182
4901;Birwinken;33.8161;61934.2491
4911;B rglen (TG);92.8183;59233.1206
4921;Bussnang;60.7429;65739.0693
4941;M rstetten;83.8776;69377.6675
4946;Weinfelden;353.2246;68032.4730
4951;Wigoltingen;64.6583;65179.7379
5001;Arbedo-Castione;129.6275;64619.8903
5002;Bellinzona;495.5501;65687.9772
5003;Cadenazzo;55.4627;57060.3909
5004;Camorino;78.1986;69386.5129
5005;Giubiasco;227.2257;63506.3443
5006;Gnosca;18.5686;62731.7568
5007;Gorduno;22.2157;66514.0719
5008;Gudo;23.6020;66484.5070
5009;Isone;10.3357;53276.8041
5010;Lumino;40.3905;67093.8538
5012;Moleno;2.5914;57586.6667
5013;Monte Carasso;79.1939;69468.3333
5014;Pianezzo;19.9209;69410.8014
5015;Preonzo;16.4876;62217.3585
5017;Sant'Antonino;61.3105;63337.2934
5018;Sant'Antonio;6.5161;57664.6018
5019;Sementina;93.8162;73236.6901
5048;Acquarossa;41.2115;50628.3784
5049;Blenio;42.3897;51010.4693
5050;Serravalle;50.9261;54408.2265
5061;Airolo;40.1693;57631.7073
5063;Bedretto;6.8820;107531.2500
5064;Bodio;18.1753;53144.1520
5071;Dalpe;7.0369;63395.4955
5072;Faido;70.9846;53452.2590
5073;Giornico;19.2535;52894.2308
5076;Personico;8.7905;58996.6443
5077;Pollegio;15.7960;53185.1852
5078;Prato (Leventina);9.2980;56012.0482
5079;Quinto;25.7259;58601.1390
5081;Sobrio;1.6110;44750.0000
5091;Ascona;231.2453;73457.8463
5095;Brione (Verzasca);4.6935;52150.0000
5096;Brione sopra Minusio;20.4809;65225.7962
5097;Brissago;64.9753;53876.6998
5102;Corippo;0.3733;37330.0000
5105;Frasco;2.1816;50734.8837
5108;Gordola;120.2457;63892.5080
5109;Gresso;0.8846;46557.8947
5112;Lavertezzo;28.0702;58847.3795
5113;Locarno;380.2725;58270.3800
5115;Losone;178.9389;64227.8894
5117;Mergoscia;5.2004;43336.6667
5118;Minusio;248.9503;70364.6976
5119;Mosogno;1.2309;51287.5000
5120;Muralto;96.1652;66688.7656
5121;Orselina;31.7841;72732.4943
5125;Ronco sopra Ascona;36.0147;70204.0936
5129;Sonogno;1.6634;43773.6842
5131;Tenero-Contra;68.7988;57620.4355
5132;Vergeletto;1.5609;44597.1429
5135;Vogorno;6.4878;44134.6939
5136;Onsernone;5.3125;43545.0820
5137;Isorno;7.1462;46403.8961
5138;Cugnasco-Gerra;79.6978;66748.5762
5141;Agno;131.4595;71290.4013
5143;Aranno;11.2540;78152.7778
5144;Arogno;26.3660;60334.0961
5146;Astano;8.9186;59063.5762
5148;Bedano;45.7663;74903.9280
5149;Bedigliora;15.8882;61108.4615
5151;Bioggio;91.1334;79040.2428
5154;Bissone;41.0339;81094.6640
5160;Brusino Arsizio;16.5673;59594.6043
5161;Cademario;28.8463;82418.0000
5162;Cadempino;46.0513;75617.8982
5167;Canobbio;67.6854;76827.9228
5171;Caslano;108.6583;61319.5824
5176;Comano;104.5890;113191.5584
5178;Croglio;26.3810;69241.4698
5180;Cureglia;66.8421;114065.0171
5181;Curio;14.6039;61619.8312
5186;Grancia;13.7328;60764.6018
5187;Gravesano;44.3992;82220.7407
5189;Lamone;39.4098;56950.5780
5192;Lugano;2304.0326;84669.7266
5193;Magliaso;54.3305;83456.9892
5194;Manno;48.6701;85989.5760
5195;Maroggia;23.0776;67478.3626
5196;Massagno;211.0907;83501.0680
5197;Melano;42.2358;73072.3183
5198;Melide;63.1370;73844.4444
5199;Mezzovico-Vira;43.9414;80774.6324
5200;Miglieglia;6.0649;56156.4815
5202;Monteggio;21.6725;53777.9156
5203;Morcote;53.7960;108241.4487
5205;Muzzano;32.8331;91203.0556
5206;Neggio;13.4961;88790.1316
5207;Novaggio;20.9075;61133.0409
5208;Origlio;65.7336;111036.4865
5210;Paradiso;160.0880;91218.2336
5212;Ponte Capriasca;65.0756;86999.4652
5213;Ponte Tresa;22.6127;54620.0483
5214;Porza;104.9194;142941.9619
5216;Pura;46.9865;77407.7430
5219;Rovio;25.6886;69805.9783
5221;Savosa;89.4215;96986.4425
5222;Sessa;18.6938;62312.6667
5225;Sorengo;80.2664;111326.4910
5226;Capriasca;186.1461;68360.6684
5227;Torricella-Taverne;80.8839;66680.8739
5230;Vernate;24.8732;86066.4360
5231;Vezia;65.7867;78131.4727
5233;Vico Morcote;36.8023;140466.7939
5236;Collina d'Oro;296.6952;133526.1926
5237;Alto Malcantone;39.0346;61278.8069
5238;Monteceneri;108.5776;59888.3618
5242;Balerna;90.5431;63583.6376
5249;Castel San Pietro;75.4214;82158.3878
5250;Chiasso;188.0587;55737.6111
5251;Coldrerio;84.9844;68480.5802
5254;Mendrisio;467.9407;74017.8266
5257;Morbio Inferiore;127.4294;69292.7678
5260;Novazzano;77.2114;71757.8067
5263;Riva San Vitale;74.3062;66882.2682
5266;Stabio;114.8544;67048.6865
5268;Vacallo;105.7535;75269.3950
5269;Breggia;61.6443;67297.2707
5281;Biasca;129.3014;57956.7010
5282;Claro;71.4057;64040.9865
5283;Cresciano;14.8924;52438.0282
5284;Iragna;12.5057;54849.5614
5285;Lodrino;37.5728;61093.9837
5286;Osogna;22.0225;57801.8373
5304;Bosco/Gurin;1.2742;49007.6923
5307;Campo (Vallemaggia);1.0883;41857.6923
5309;Cerentino;1.1316;53885.7143
5310;Cevio;25.4278;50855.6000
5315;Linescio;1.7427;62239.2857
5317;Maggia;58.5005;54217.3309
5323;Lavizzara;13.0454;48859.1760
5324;Avegno Gordevio;33.1190;58410.9347
5396;Terre di Pedemonte;75.9948;70430.7692
5397;Centovalli;29.5334;52087.1252
5398;Gambarogno;138.0752;52580.0457
5401;Aigle;210.3534;60568.2119
5402;Bex;152.9106;59800.7822
5403;Chessel;8.9869;64192.1429
5404;Corbeyrier;10.8626;61025.8427
5405;Gryon;41.3059;42848.4440
5406;Lavey-Morcles;20.7400;56205.9621
5407;Leysin;61.9819;51394.6103
5408;Noville;26.8401;74763.5097
5409;Ollon;253.5532;66201.8799
5410;Ormont-Dessous;25.9108;50117.6015
5411;Ormont-Dessus;44.5673;45569.8364
5412;Rennaz;18.7583;59930.6709
5413;Roche (VD);30.8040;60400.0000
5414;Villeneuve (VD);125.5704;62911.0220
5415;Yvorne;34.1582;72831.9829
5421;Apples;49.7430;93854.7170
5422;Aubonne;136.5758;108565.8188
5423;Ballens;14.5408;72342.2886
5424;Berolle;8.9692;73518.0328
5425;Bi re;36.6827;61651.5966
5426;Bougy-Villars;30.6629;154084.9246
5427;F chy;54.6095;159211.3703
5428;Gimel;52.0584;76220.2050
5429;Longirod;15.4621;76545.0495
5430;Marchissy;13.3155;81192.0732
5431;Mollens (VD);9.8998;82498.3333
5432;Montherod;16.7950;90295.6989
5434;Saint-George;32.3288;88089.3733
5435;Saint-Livres;25.3534;85943.7288
5436;Saint-Oyens;10.7077;79908.2090
5437;Saubraz;9.6752;76787.3016
5451;Avenches;86.9338;59178.8972
5456;Cudrefin;49.1700;75414.1104
5458;Faoug;27.3465;72537.1353
5464;Vully-les-Lacs;93.2732;72756.0062
5471;Bettens;18.1329;81679.7297
5472;Bournens;12.6752;91188.4892
5473;Boussens;33.0496;83458.5859
5474;La Chaux (Cossonay);13.3046;75594.3182
5475;Chavannes-le-Veyron;3.4011;64171.6981
5476;Chevilly;8.9224;78959.2920
5477;Cossonay;106.8055;76398.7840
5478;Cottens (VD);16.6298;82735.3234
5479;Cuarnens;14.1584;73359.5855
5480;Daillens;34.4145;90326.7717
5481;Dizy;7.7142;91835.7143
5482;Ecl pens;32.0454;77032.2115
5483;Ferreyres;9.7781;90537.9630
5484;Gollion;28.6654;75237.2703
5485;Grancy;17.6394;101961.8497
5486;L'Isle;28.8195;66711.8056
5487;Lussery-Villars;13.1129;66226.7677
5488;Mauraz;1.4976;68072.7273
5489;Mex (VD);34.3280;102778.4431
5490;Moiry;8.1780;65424.0000
5491;Mont-la-Ville;9.6882;69201.4286
5492;Montricher;87.0229;223709.2545
5493;Orny;10.1384;68968.7075
5494;Pampigny;34.9943;77592.6829
5495;Penthalaz;89.9599;68358.5866
5496;Penthaz;54.6455;78853.5354
5497;Pompaples;18.9516;65576.4706
5498;La Sarraz;71.8973;70487.5490
5499;Senarclens;19.3872;107111.6022
5500;S very;7.2473;82355.6818
5501;Sullens;34.3670;87005.0633
5503;Vufflens-la-Ville;50.3014;96733.4615
5511;Assens;39.4152;91663.2558
5512;Bercher;33.2435;78036.3850
5513;Bioley-Orjulaz;15.4623;73630.0000
5514;Bottens;41.0502;82762.5000
5515;Bretigny-sur-Morrens;28.4943;85057.6119
5516;Cugy (VD);95.4231;90191.9660
5518;Echallens;160.9962;73817.6066
5520;Essertines-sur-Yverdon;29.7620;77910.9948
5521;Etagni res;36.6514;82362.6966
5522;Fey;18.7137;71700.0000
5523;Froideville;78.1372;79976.6633
5527;Morrens (VD);39.4375;85920.4793
5529;Oulens-sous-Echallens;18.9356;83416.7401
5530;Pailly;15.0705;75731.1558
5531;Penth r az;12.4645;76469.3252
5533;Poliez-Pittet;23.0037;69708.1818
5534;Rueyres;7.0466;76593.4783
5535;Saint-Barth lemy (VD);23.5523;73371.6511
5537;Villars-le-Terroir;32.7806;75705.7737
5539;Vuarrens;23.6135;74963.4921
5540;Montilliez;52.3549;78258.4454
5541;Goumo ns;34.5985;84386.5854
5551;Bonvillars;16.8620;79164.3192
5552;Bullet;17.4805;58074.7508
5553;Champagne;31.2001;75912.6521
5554;Concise;28.2342;69542.3645
5555;Corcelles-pr s-Concise;9.4537;72720.7692
5556;Fiez;12.2027;76746.5409
5557;Fontaines-sur-Grandson;5.3873;69964.9351
5559;Giez;14.8439;85802.8902
5560;Grandevent;7.3020;83931.0345
5561;Grandson;105.2548;77793.6438
5562;Mauborget;4.1889;73489.4737
5563;Mutrux;3.9079;64063.9344
5564;Novalles;2.7825;66250.0000
5565;Onnens (VD);15.3082;75409.8522
5566;Provence;9.1976;54423.6686
5568;Sainte-Croix;104.3437;52672.2362
5571;T venon;21.6385;68260.2524
5581;Belmont-sur-Lausanne;164.0062;109046.6755
5582;Cheseaux-sur-Lausanne;141.4951;76483.8378
5583;Crissier;190.7593;74719.6631
5584;Epalinges;379.9595;104298.5177
5585;Jouxtens-M zery;114.8849;197058.1475
5586;Lausanne;3786.2344;72326.7761
5587;Le Mont-sur-Lausanne;298.8384;101542.0999
5588;Paudex;94.1470;141574.4361
5589;Prilly;302.5535;63668.6658
5590;Pully;978.1943;117982.6680
5591;Renens (VD);422.3224;60844.6045
5592;Romanel-sur-Lausanne;98.4962;71737.9461
5601;Chexbres;87.6948;86569.3978
5604;Forel (Lavaux);63.9641;76512.0813
5606;Lutry;577.0204;125904.5167
5607;Puidoux;82.2946;77271.9249
5609;Rivaz;13.6395;92158.7838
5610;Saint-Saphorin (Lavaux);15.8953;100603.1646
5611;Savigny;119.1973;88163.6834
5613;Bourg-en-Lavaux;252.7517;108570.3179
5621;Aclens;21.2495;90040.2542
5622;Bremblens;24.7306;115563.5514
5623;Buchillon;47.8980;169250.8834
5624;Bussigny;229.2939;71631.9588
5625;Bussy-Chardonney;15.5615;97871.0692
5627;Chavannes-pr s-Renens;144.0770;61101.3571
5628;Chigny;16.4303;129372.4409
5629;Clarmont;7.0350;81802.3256
5631;Denens;31.3158;111048.9362
5632;Denges;54.4628;84307.7399
5633;Echandens;117.6288;110657.3848
5634;Echichens;108.6686;103790.4489
5635;Ecublens (VD);327.5979;75344.5032
5636;Etoy;99.7412;95812.8722
5637;Lavigny;31.1768;90894.4606
5638;Lonay;109.9392;101607.3937
5639;Lully (VD);36.7709;131324.6429
5640;Lussy-sur-Morges;50.6577;211073.7500
5642;Morges;526.9070;75912.2605
5643;Pr verenges;208.5120;94778.1818
5644;Reverolle;14.0252;103890.3704
5645;Romanel-sur-Morges;20.9683;94879.1855
5646;Saint-Prex;230.4784;100865.8206
5648;Saint-Sulpice (VD);202.1122;126795.6085
5649;Tolochenaz;64.1152;86525.2362
5650;Vaux-sur-Morges;69.4415;857302.4691
5651;Villars-Sainte-Croix;29.8795;96697.4110
5652;Villars-sous-Yens;22.7474;95980.5907
5653;Vufflens-le-Ch teau;48.2500;141495.6012
5654;Vullierens;17.0764;83707.8431
5655;Yens;65.9346;116082.0423
5661;Boulens;9.6084;72790.9091
5662;Brenles;4.7365;72869.2308
5663;Bussy-sur-Moudon;6.0111;59515.8416
5665;Chavannes-sur-Moudon;5.7707;66329.8851
5666;Chesalles-sur-Moudon;4.0388;60280.5970
5668;Cremin;1.1229;44916.0000
5669;Curtilles;7.9526;65723.9669
5671;Dompierre (VD);6.3600;62352.9412
5672;Forel-sur-Lucens;4.3638;65131.3433
5673;Hermenches;9.5545;65441.7808
5674;Lovatens;4.0048;55622.2222
5675;Lucens;63.2361;59209.8315
5678;Moudon;105.7530;57163.7838
5680;Ogens;7.8605;66054.6218
5683;Pr vonloup;4.5754;66310.1449
5684;Rossenges;3.5329;126175.0000
5686;Sarzens;2.0336;65600.0000
5688;Syens;4.5086;79098.2456
5690;Villars-le-Comte;3.5044;57449.1803
5692;Vucherens;17.6393;73192.1162
5693;Montanaire;66.3375;66271.2288
5701;Arnex-sur-Nyon;12.1917;152396.2500
5702;Arzier-Le Muids;118.8918;120947.9145
5703;Bassins;53.6082;102894.8177
5704;Begnins;85.7783;111111.7876
5705;Bogis-Bossey;40.9280;126320.9877
5706;Borex;53.6864;123987.0670
5707;Chavannes-de-Bogis;58.7237;125746.6809
5708;Chavannes-des-Bois;46.1327;153775.6667
5709;Ch serex;63.7548;125009.4118
5710;Coinsins;23.6431;121246.6667
5711;Commugny;168.3408;169698.3871
5712;Coppet;216.1839;172533.0407
5713;Crans-pr s-C ligny;139.6588;164886.4227
5714;Crassier;59.2890;127229.6137
5715;Duillier;49.9846;115705.0926
5716;Eysins;59.7804;103247.6684
5717;Founex;228.5653;177733.5148
5718;Genolier;109.2552;145673.6000
5719;Gingins;64.4619;128923.8000
5720;Givrins;55.8010;139502.5000
5721;Gland;432.3005;86304.7514
5722;Grens;17.7078;130204.4118
5723;Mies;206.0310;294330.0000
5724;Nyon;802.7740;95409.3178
5725;Prangins;215.1533;131672.7662
5726;La Rippe;51.1491;115984.3537
5727;Saint-Cergue;86.9943;75911.2565
5728;Signy-Avenex;23.3475;103307.5221
5729;Tannay;100.4688;178452.5755
5730;Tr lex;89.9091;168684.9906
5731;Le Vaud;48.4189;100454.1494
5732;Vich;42.1627;109798.6979
5741;L'Abergement;6.9661;73327.3684
5742;Agiez;9.1885;74703.2520
5743;Arnex-sur-Orbe;18.0475;70498.0469
5744;Ballaigues;24.8903;62381.7043
5745;Baulmes;27.6065;64052.2042
5746;Bavois;25.8712;66166.7519
5747;Bofflens;5.3345;68391.0256
5748;Bretonni res;6.3713;68508.6022
5749;Chavornay;106.9517;69269.2358
5750;Les Cl es;5.5132;74502.7027
5751;Corcelles-sur-Chavornay;9.6148;72291.7293
5752;Croy;9.6518;64777.1812
5754;Juriens;9.1438;61782.4324
5755;Lignerolle;10.7078;64504.8193
5756;Montcherand;16.3096;84070.1031
5757;Orbe;167.0934;65424.1973
5758;La Praz;4.8581;67473.6111
5759;Premier;5.1363;61883.1325
5760;Rances;13.2778;76309.1954
5761;Romainm tier-Envy;13.6199;57957.0213
5762;Sergey;3.8705;69116.0714
5763;Valeyres-sous-Rances;17.4421;73595.3586
5764;Vallorbe;79.6481;58867.7753
5765;Vaulion;10.5207;52603.5000
5766;Vuiteboeuf;12.4233;62428.6432
5782;Carrouge (VD);31.4183;70287.0246
5785;Corcelles-le-Jorat;13.3987;73619.2308
5788;Essertes;10.5089;79014.2857
5789;Ferlens (VD);11.1597;76436.3014
5790;Maracon;13.0898;71921.9780
5791;M zi res (VD);40.6902;78100.1919
5792;Montpreveyres;18.3221;76661.5063
5798;Ropraz;11.0373;70751.9231
5799;Servion;65.3548;84876.3636
5803;Vulliens;13.5920;67287.1287
5804;Jorat-Menthue;44.3949;74613.2773
5805;Oron;128.8919;67236.2546
5812;Champtauroz;2.7971;63570.4545
5813;Chevroux;10.9506;65967.4699
5816;Corcelles-pr s-Payerne;53.2501;64623.9078
5817;Grandcour;22.3689;66180.1775
5819;Henniez;7.9008;62704.7619
5821;Missy;8.2517;59794.9275
5822;Payerne;195.3609;60577.0233
5827;Trey;5.4806;59571.7391
5828;Treytorrens (Payerne);2.6513;56410.6383
5830;Villarzel;10.8944;62611.4943
5831;Valbroye;71.0516;62380.6848
5841;Ch teau-d'Oex;84.2003;51943.4300
5842;Rossini re;12.2382;53912.7753
5843;Rougemont;42.5917;72558.2624
5851;Allaman;18.0847;102173.4463
5852;Bursinel;25.0918;140177.6536
5853;Bursins;32.9463;103931.5457
5854;Burtigny;9.8665;80215.4472
5855;Dully;53.5135;203473.3840
5856;Essertines-sur-Rolle;26.4519;110216.2500
5857;Gilly;51.5661;112836.1050
5858;Luins;28.2989;108841.9231
5859;Mont-sur-Rolle;113.1789;112727.9880
5860;Perroy;68.3053;114606.2081
5861;Rolle;221.5164;96060.8846
5862;Tartegnin;10.1513;105742.7083
5863;Vinzel;18.5787;132705.0000
5871;L'Abbaye;43.8620;68749.2163
5872;Le Chenit;124.3710;63780.0000
5873;Le Lieu;26.7458;70015.1832
5881;Blonay;281.1744;109278.8185
5882;Chardonne;128.9846;94218.1154
5883;Corseaux;116.9237;114071.9024
5884;Corsier-sur-Vevey;99.9215;68066.4169
5885;Jongny;68.2175;102275.1124
5886;Montreux;781.9116;71623.3031
5888;Saint-L gier-La Chi saz;253.2491;123235.5718
5889;La Tour-de-Peilz;429.7058;85479.5703
5890;Vevey;511.9962;68604.6094
5891;Veytaux;32.5080;68294.1176
5902;Belmont-sur-Yverdon;10.2112;73461.8705
5903;Bioley-Magnoux;5.7656;62669.5652
5904;Chamblon;24.1911;91981.3688
5905;Champvent;15.6977;71678.9954
5907;Chavannes-le-Ch ne;8.6399;64476.8657
5908;Ch ne-P quier;3.5705;75968.0851
5909;Cheseaux-Nor az;29.8518;109749.2647
5910;Cronay;12.1233;73474.5455
5911;Cuarny;7.3883;73883.0000
5912;D moret;3.6793;57489.0625
5913;Donneloye;22.6704;73130.3226
5914;Ependes (VD);8.8546;62356.3380
5915;Essert-Pittet;4.1146;64290.6250
5919;Mathod;15.0713;67888.7387
5921;Molondin;5.4960;56659.7938
5922;Montagny-pr s-Yverdon;23.5355;76662.8664
5923;Oppens;4.4433;66317.9104
5924;Orges;8.6462;75184.3478
5925;Orzens;5.6087;67574.6988
5926;Pomy;21.3510;79667.9104
5928;Rovray;4.4102;62115.4930
5929;Suchy;17.6472;81323.5023
5930;Susc vaz;5.5279;65808.3333
5931;Treycovagnes;14.6029;73752.0202
5932;Ursins;7.4348;85457.4713
5933;Valeyres-sous-Montagny;21.0096;75034.2857
5934;Valeyres-sous-Ursins;7.2232;75241.6667
5935;Villars-Epeney;5.1473;142980.5556
5937;Vugelles-La Mothe;2.8539;59456.2500
5938;Yverdon-les-Bains;674.0541;61344.5668
5939;Yvonand;83.1613;66689.0938
6002;Brig-Glis;373.1388;64984.1170
6004;Eggerberg;7.8295;53996.5517
6007;Naters;263.5944;58343.1607
6008;Ried-Brig;56.1358;65732.7869
6009;Simplon;8.8361;57377.2727
6010;Termen;25.9529;65870.3046
6011;Zwischbergen;2.2340;50772.7273
6021;Ardon;63.1558;59637.2049
6022;Chamoson;86.7092;57499.4695
6023;Conthey;202.3750;59295.3413
6024;Nendaz;169.8683;43135.6780
6025;V troz;136.3791;63226.2865
6031;Bagnes;383.3403;66552.1354
6032;Bourg-Saint-Pierre;4.0378;46411.4943
6033;Liddes;16.4022;48384.0708
6034;Orsi res;74.1491;51888.8034
6035;Sembrancher;18.8966;49727.8947
6036;Voll ges;40.2040;56865.6294
6052;Bellwald;10.5251;27697.6316
6054;Binn;3.2088;48618.1818
6055;Blitzingen;3.7952;56644.7761
6056;Ernen;12.7520;37839.7626
6057;Fiesch;23.8641;42921.0432
6058;Fieschertal;6.9801;46846.3087
6061;Lax;6.3556;34169.8925
6064;Niederwald;1.0964;49836.3636
6073;Grafschaft;4.1579;44232.9787
6074;M nster-Geschinen;11.1590;48942.9825
6075;Reckingen-Gluringen;9.8427;49962.9442
6076;Obergoms;14.5246;49235.9322
6081;Les Agettes;9.5399;39421.0744
6082;Ayent;106.1676;45920.2422
6083;Evol ne;43.7075;45863.0640
6084;H r mence;44.2496;46924.2842
6087;Saint-Martin (VS);20.7383;51079.5567
6089;Vex;49.5024;36080.4665
6090;Mont-Noble;29.8599;50184.7059
6101;Agarn;16.5695;54326.2295
6102;Albinen;4.9419;35810.8696
6104;Ergisch;4.5860;51528.0899
6109;Inden;2.8099;46063.9344
6110;Leuk;93.7497;54505.6395
6111;Leukerbad;32.3178;38565.3938
6112;Oberems;2.3000;45098.0392
6113;Salgesch;41.9832;71643.6860
6116;Varen;15.0088;51050.3401
6117;Guttet-Feschel;9.5507;47280.6931
6118;Gampel-Bratsch;46.8535;56382.0698
6119;Turtmann-Unterems;25.1541;53519.3617
6131;Bovernier;18.4322;53738.1924
6132;Charrat;32.4648;54746.7116
6133;Fully;202.2428;60697.1188
6134;Is rables;20.6020;46192.8251
6135;Leytron;77.7453;53580.4962
6136;Martigny;470.2632;63335.1111
6137;Martigny-Combe;62.8142;60748.7427
6139;Riddes;70.2871;46120.1444
6140;Saillon;57.1945;59639.7289
6141;Saxon;106.6277;52759.8714
6142;Trient;4.4783;55978.7500
6151;Champ ry;45.9125;47577.7202
6152;Collombey-Muraz;198.4958;61933.1669
6153;Monthey;454.1519;60456.8557
6154;Port-Valais;92.6973;59766.1509
6155;Saint-Gingolph;23.9729;52342.5764
6156;Troistorrents;124.1234;56651.4833
6157;Val-d'Illiez;50.0434;42230.7173
6158;Vionnaz;66.3351;55884.6672
6159;Vouvry;98.5050;62030.8564
6172;Bister;1.0754;41361.5385
6173;Bitsch;21.9811;54543.6725
6177;Grengiols;8.2704;45193.4426
6181;Riederalp;13.1416;35326.8817
6191;Ausserberg;15.3060;56899.6283
6192;Blatten;6.7726;47694.3662
6193;B rchen;18.8912;44241.6862
6194;Eischoll;11.7206;52558.7444
6195;Ferden;6.1734;54152.6316
6197;Kippel;8.5766;47913.9665
6198;Niedergesteln;18.0131;61900.6873
6199;Raron;48.9905;63706.7620
6201;Unterb ch;11.7413;50609.0517
6202;Wiler (L tschen);12.8837;44890.9408
6203;M rel-Filet;15.2670;45573.1343
6204;Steg-Hohtenn;40.7357;56814.0865
6205;Bettmeralp;13.0830;33121.5190
6211;Collonges;16.7355;53297.7707
6212;Dor naz;18.4611;53665.9884
6213;Evionnaz;30.5419;58397.5143
6214;Finhaut;12.4635;57969.7674
6215;Massongex;41.5600;58783.5926
6217;Saint-Maurice;90.4360;55618.6962
6218;Salvan;34.4625;48266.8067
6219;Vernayaz;37.2025;53916.6667
6220;V rossaz;17.5828;61264.1115
6232;Chalais;82.9870;52690.1587
6234;Chermignon;123.5191;67386.3066
6235;Chippis;30.8113;54340.9171
6238;Gr ne;52.5179;52308.6653
6239;Icogne;20.0220;49437.0370
6240;Lens;186.7656;65325.4984
6241;Mi ge;32.1448;64808.0645
6242;Mollens (VS);26.6098;46117.5043
6243;Montana;90.8393;55120.9345
6244;Randogne;118.1532;46867.5922
6246;Saint-L onard;56.7114;63649.1582
6248;Sierre;402.1026;58709.6802
6249;Venth ne;41.6842;75378.3002
6250;Veyras;52.6116;70905.1213
6252;Anniviers;79.4787;33965.2564
6261;Arbaz;35.0346;55522.3455
6263;Grimisuat;89.9225;74810.7321
6265;Savi se;223.0997;66537.3397
6266;Sion;906.8931;64410.0213
6267;Veysonnaz;16.9011;36113.4615
6281;Baltschieder;33.6942;66457.9882
6282;Eisten;4.3561;44450.0000
6283;Embd;6.4702;51761.6000
6285;Gr chen;27.9794;36863.5046
6286;Lalden;16.6591;61472.6937
6287;Randa;9.1119;49791.8033
6288;Saas-Almagell;7.6182;48523.5669
6289;Saas-Balen;9.4990;57222.8916
6290;Saas-Fee;42.0455;44258.4211
6291;Saas-Grund;22.0321;48960.2222
6292;St. Niklaus;50.7004;51947.1311
6293;Stalden (VS);26.9950;54867.8862
6294;Staldenried;14.0858;53355.3030
6295;T sch;21.8483;46485.7447
6296;T rbel;12.1783;52267.3820
6297;Visp;222.5908;65525.6991
6298;Visperterminen;37.9611;61326.4943
6299;Zeneggen;7.1129;58302.4590
6300;Zermatt;179.7167;64762.7748
6402;Bevaix;124.4338;79918.9467
6404;Boudry;147.4383;64694.2957
6405;Brot-Dessous;3.1985;61509.6154
6407;Corcelles-Cormondr che;162.3939;82100.0506
6408;Cortaillod;146.7443;72862.1152
6409;Fresens;5.2656;73133.3333
6410;Gorgier;86.1099;101544.6934
6411;Montalchez;5.2700;61279.0698
6412;Peseux;148.2163;64978.6497
6413;Rochefort;37.7000;78870.2929
6414;Saint-Aubin-Sauges;70.3120;67219.8853
6415;Vaumarcus;10.8127;90863.0252
6416;Milvignes;316.7002;80976.7834
6421;La Chaux-de-Fonds;920.2547;61004.6205
6422;Les Planchettes;5.6537;62128.5714
6423;La Sagne;23.9929;59982.2500
6431;Les Brenets;29.7346;64083.1897
6432;La Br vine;15.1212;56422.3881
6433;Brot-Plamboz;6.7488;68865.3061
6434;Le Cerneux-P quignot;8.5768;59561.1111
6435;La Chaux-du-Milieu;10.8018;64296.4286
6436;Le Locle;237.1286;58753.3697
6437;Les Ponts-de-Martel;28.5756;57612.0968
6451;Cornaux;42.4513;64125.8308
6452;Cressier (NE);48.3119;65820.0272
6453;Enges;8.4870;68443.5484
6454;Hauterive (NE);87.7051;73825.8418
6455;Le Landeron;188.8804;102152.7312
6456;Ligni res;24.8418;67873.7705
6458;Neuch tel;957.4657;69126.1064
6459;Saint-Blaise;121.4462;86747.2857
6461;La T ne;137.4722;73357.6307
6485;Valangin;11.6934;63898.3607
6487;Val-de-Ruz;465.1422;69684.2247
6504;La C te-aux-F es;9.0658;54613.2530
6511;Les Verri res;14.6347;55017.6692
6512;Val-de-Travers;247.2110;55778.6552
6601;Aire-la-Ville;48.3603;107467.3333
6602;Ani res;679.9599;776209.9315
6603;Avully;57.1649;78957.0442
6604;Avusy;73.4251;124449.3220
6605;Bardonnex;97.7682;104676.8737
6606;Bellevue;109.4624;110345.1613
6607;Bernex;402.5229;97628.6442
6608;Carouge (GE);695.8740;81464.9965
6609;Cartigny;46.7242;131247.7528
6610;C ligny;45.5673;192267.0886
6611;Chancy;49.5311;86592.8322
6612;Ch ne-Bougeries;703.2810;157721.6865
6613;Ch ne-Bourg;256.4640;78669.9387
6614;Choulex;76.3972;161516.2791
6615;Collex-Bossy;73.4398;123221.1409
6616;Collonge-Bellerive;614.4014;203376.8289
6617;Cologny;538.9397;251253.9394
6618;Confignon;190.2696;111857.4956
6619;Corsier (GE);147.2781;190281.7829
6620;Dardagny;50.4328;86357.5342
6621;Gen ve;6726.5141;86526.8926
6622;Genthod;207.9686;230819.7558
6623;Le Grand-Saconnex;333.3082;94208.0837
6624;Gy;28.7255;156116.8478
6625;Hermance;70.7096;187062.4339
6626;Jussy;81.7529;156614.7510
6627;Laconnex;38.0542;132593.0314
6628;Lancy;952.1628;77892.8992
6629;Meinier;103.0115;114968.1920
6630;Meyrin;546.1271;70097.1762
6631;Onex;533.8989;73580.3335
6632;Perly-Certoux;113.5899;87108.8190
6633;Plan-les-Ouates;416.7886;109393.3333
6634;Pregny-Chamb sy;193.4334;186892.1739
6635;Presinge;42.6494;167911.0236
6636;Puplinge;94.2773;99764.3386
6637;Russin;31.4563;132727.0042
6638;Satigny;151.1310;102253.7212
6639;Soral;33.7769;109665.2597
6640;Th nex;514.8051;95956.2162
6641;Troinex;124.7117;139187.1652
6642;Vandoeuvres;260.0017;269431.8135
6643;Vernier;781.9453;67033.4591
6644;Versoix;391.1145;94769.6874
6645;Veyrier;631.7925;153795.6426
6702;Bo court;22.3324;62381.0056
6703;Bourrignon;5.8046;54248.5981
6704;Ch tillon (JU);12.1987;66297.2826
6705;Corban;10.1410;58281.6092
6706;Courchapoix;9.0750;55335.3659
6708;Courrendlin;59.7489;58291.6098
6709;Courroux;81.9866;63753.1882
6710;Court telle;76.1661;74672.6471
6711;Del mont;337.7053;64044.2443
6712;Develier;36.7955;68139.8148
6713;Ederswiler;2.9108;45481.2500
6715;Mervelier;12.4962;55538.6667
6716;Mettembert;2.2107;52635.7143
6718;Movelier;8.6457;49123.2955
6719;Pleigne;7.5018;53584.2857
6720;Rebeuvelier;10.2938;65150.6329
6721;Rossemaison;17.7515;71291.1647
6722;Saulcy;6.1169;52281.1966
6724;Soyhi res;12.5666;63789.8477
6728;Vellerat;1.9972;57062.8571
6729;Haute-Sorne;157.2247;58145.2293
6730;Val Terbi;61.0654;58604.0307
6741;Le B mont (JU);6.7737;57894.8718
6742;Les Bois;31.7338;70834.3750
6743;Les Breuleux;35.9808;57846.9453
6744;La Chaux-des-Breuleux;2.0309;52074.3590
6745;Les Enfers;3.6721;59227.4194
6748;Les Genevez (JU);13.8425;57918.4100
6750;Lajoux (JU);14.5858;56099.2308
6751;Montfaucon;13.3389;54667.6230
6753;Muriaux;14.8108;72247.8049
6754;Le Noirmont;46.9024;60519.2258
6757;Saignel gier;65.6218;59601.9982
6758;Saint-Brais;4.4030;46840.4255
6759;Soubey;2.8773;44266.1538
6771;Alle;39.6864;56213.0312
6773;Beurnev sin;3.1640;47223.8806
6774;Boncourt;36.7964;65474.0214
6775;Bonfol;15.8011;50807.3955
6778;Bure;17.7300;59297.6589
6781;Coeuve;17.2171;59574.7405
6782;Cornol;23.4471;55430.4965
6783;Courchavon;9.0648;74915.7025
6784;Courgenay;54.6097;59358.3696
6785;Courtedoux;20.2639;62736.5325
6787;Damphreux;4.3107;55265.3846
6789;Fahy;7.6390;50589.4040
6790;Fontenais;39.0125;59020.4236
6792;Grandfontaine;8.0498;58331.8841
6793;Lugnez;4.1206;54218.4211
6800;Porrentruy;182.8840;61411.6857
6803;Rocourt;3.4701;55080.9524
6806;Vendlincourt;12.1713;51792.7660
6807;Basse-Allaine;28.1412;55070.8415
6808;Clos du Doubs;26.7425;50267.8571
6809;Haute-Ajoie;21.9762;53995.5774
6810;La Baroche;26.0123;54419.0377
;;;
Erhebungszeitpunkte/ -zeitr ume:;;1.1.2015   31.12.2015;1.1.2015   31.12.2015
Quelle(n):;;ESTV;ESTV
;;;
;;;
Statistischer Atlas der Schweiz;;;
18 -  ffentliche Finanzen > Steuern > Durchschnittliches steuerbares Einkommen > Steuerpflichtige 2015;;;
Schweiz / Politische Gemeinden / 1.1.2015;;;
;;;
Kontakt: statatlas@bfs.admin.ch;;;
  Bundesamt f r Statistik, ThemaKart, Neuch tel 2009 2023;;;
